timestamp,open,high,low,close,volume,date,time,symbol
2026-02-13 08:00:00+00:00,10402.48,10402.52,10402.44,10402.48,3219748,2026-02-13,08:00:00,FTSE100
2026-02-13 08:01:00+00:00,10402.48,10402.86,10402.38,10402.76,3172864,2026-02-13,08:01:00,FTSE100
2026-02-13 08:02:00+00:00,10402.76,10402.85,10402.14,10402.23,3126890,2026-02-13,08:02:00,FTSE100
2026-02-13 08:03:00+00:00,10402.23,10402.91,10402.09,10402.77,3081809,2026-02-13,08:03:00,FTSE100
2026-02-13 08:04:00+00:00,10402.77,10403.73,10402.47,10403.43,3037603,2026-02-13,08:04:00,FTSE100
2026-02-13 08:05:00+00:00,10403.43,10403.58,10402.21,10402.36,2994256,2026-02-13,08:05:00,FTSE100
2026-02-13 08:06:00+00:00,10402.36,10402.36,10401.67,10401.67,2951751,2026-02-13,08:06:00,FTSE100
2026-02-13 08:07:00+00:00,10401.67,10401.87,10401.64,10401.84,2910070,2026-02-13,08:07:00,FTSE100
2026-02-13 08:08:00+00:00,10401.84,10401.96,10401.63,10401.75,2869200,2026-02-13,08:08:00,FTSE100
2026-02-13 08:09:00+00:00,10401.75,10402.01,10401.56,10401.83,2829123,2026-02-13,08:09:00,FTSE100
2026-02-13 08:10:00+00:00,10401.83,10401.97,10401.27,10401.41,2789824,2026-02-13,08:10:00,FTSE100
2026-02-13 08:11:00+00:00,10401.41,10402.05,10401.39,10402.03,2751289,2026-02-13,08:11:00,FTSE100
2026-02-13 08:12:00+00:00,10402.03,10402.68,10401.95,10402.6,2713501,2026-02-13,08:12:00,FTSE100
2026-02-13 08:13:00+00:00,10402.6,10402.78,10402.54,10402.73,2676448,2026-02-13,08:13:00,FTSE100
2026-02-13 08:14:00+00:00,10402.73,10403.62,10402.61,10403.5,2640114,2026-02-13,08:14:00,FTSE100
2026-02-13 08:15:00+00:00,10403.5,10403.88,10403.5,10403.88,2604486,2026-02-13,08:15:00,FTSE100
2026-02-13 08:16:00+00:00,10403.88,10403.97,10403.36,10403.46,2569549,2026-02-13,08:16:00,FTSE100
2026-02-13 08:17:00+00:00,10403.46,10403.86,10403.37,10403.77,2535292,2026-02-13,08:17:00,FTSE100
2026-02-13 08:18:00+00:00,10403.77,10403.82,10403.24,10403.29,2501699,2026-02-13,08:18:00,FTSE100
2026-02-13 08:19:00+00:00,10403.29,10403.96,10403.24,10403.91,2468759,2026-02-13,08:19:00,FTSE100
2026-02-13 08:20:00+00:00,10403.91,10404.21,10403.68,10403.98,2436458,2026-02-13,08:20:00,FTSE100
2026-02-13 08:21:00+00:00,10403.98,10404.09,10403.85,10403.96,2404785,2026-02-13,08:21:00,FTSE100
2026-02-13 08:22:00+00:00,10403.96,10404.2,10403.41,10403.65,2373727,2026-02-13,08:22:00,FTSE100
2026-02-13 08:23:00+00:00,10403.65,10404.53,10403.59,10404.47,2343272,2026-02-13,08:23:00,FTSE100
2026-02-13 08:24:00+00:00,10404.47,10404.79,10404.16,10404.48,2313409,2026-02-13,08:24:00,FTSE100
2026-02-13 08:25:00+00:00,10404.48,10404.52,10404.27,10404.31,2284125,2026-02-13,08:25:00,FTSE100
2026-02-13 08:26:00+00:00,10404.31,10404.46,10404.05,10404.2,2255411,2026-02-13,08:26:00,FTSE100
2026-02-13 08:27:00+00:00,10404.2,10404.62,10404.19,10404.61,2227254,2026-02-13,08:27:00,FTSE100
2026-02-13 08:28:00+00:00,10404.61,10404.93,10404.61,10404.92,2199644,2026-02-13,08:28:00,FTSE100
2026-02-13 08:29:00+00:00,10404.92,10405.57,10404.62,10405.27,2172570,2026-02-13,08:29:00,FTSE100
2026-02-13 08:30:00+00:00,10405.27,10405.7,10405.18,10405.62,2146022,2026-02-13,08:30:00,FTSE100
2026-02-13 08:31:00+00:00,10405.62,10407.06,10405.56,10407.0,2119989,2026-02-13,08:31:00,FTSE100
2026-02-13 08:32:00+00:00,10407.0,10407.18,10406.67,10406.85,2094462,2026-02-13,08:32:00,FTSE100
2026-02-13 08:33:00+00:00,10406.85,10407.14,10406.35,10406.64,2069431,2026-02-13,08:33:00,FTSE100
2026-02-13 08:34:00+00:00,10406.64,10406.82,10406.06,10406.24,2044886,2026-02-13,08:34:00,FTSE100
2026-02-13 08:35:00+00:00,10406.24,10406.96,10405.99,10406.71,2020818,2026-02-13,08:35:00,FTSE100
2026-02-13 08:36:00+00:00,10406.71,10407.75,10406.44,10407.48,1997218,2026-02-13,08:36:00,FTSE100
2026-02-13 08:37:00+00:00,10407.48,10407.51,10407.48,10407.51,1974076,2026-02-13,08:37:00,FTSE100
2026-02-13 08:38:00+00:00,10407.51,10407.56,10407.05,10407.1,1951383,2026-02-13,08:38:00,FTSE100
2026-02-13 08:39:00+00:00,10407.1,10407.16,10406.63,10406.7,1929131,2026-02-13,08:39:00,FTSE100
2026-02-13 08:40:00+00:00,10406.7,10407.23,10406.65,10407.18,1907312,2026-02-13,08:40:00,FTSE100
2026-02-13 08:41:00+00:00,10407.18,10407.84,10407.06,10407.72,1885916,2026-02-13,08:41:00,FTSE100
2026-02-13 08:42:00+00:00,10407.72,10408.27,10407.6,10408.14,1864936,2026-02-13,08:42:00,FTSE100
2026-02-13 08:43:00+00:00,10408.14,10408.28,10407.7,10407.84,1844363,2026-02-13,08:43:00,FTSE100
2026-02-13 08:44:00+00:00,10407.84,10408.25,10407.66,10408.07,1824190,2026-02-13,08:44:00,FTSE100
2026-02-13 08:45:00+00:00,10408.07,10408.45,10407.86,10408.24,1804409,2026-02-13,08:45:00,FTSE100
2026-02-13 08:46:00+00:00,10408.24,10408.49,10408.21,10408.46,1785012,2026-02-13,08:46:00,FTSE100
2026-02-13 08:47:00+00:00,10408.46,10409.15,10408.39,10409.08,1765992,2026-02-13,08:47:00,FTSE100
2026-02-13 08:48:00+00:00,10409.08,10409.4,10408.99,10409.31,1747342,2026-02-13,08:48:00,FTSE100
2026-02-13 08:49:00+00:00,10409.31,10409.9,10409.22,10409.81,1729054,2026-02-13,08:49:00,FTSE100
2026-02-13 08:50:00+00:00,10409.81,10410.03,10409.73,10409.95,1711121,2026-02-13,08:50:00,FTSE100
2026-02-13 08:51:00+00:00,10409.95,10410.31,10409.85,10410.21,1693537,2026-02-13,08:51:00,FTSE100
2026-02-13 08:52:00+00:00,10410.21,10410.78,10410.12,10410.69,1676294,2026-02-13,08:52:00,FTSE100
2026-02-13 08:53:00+00:00,10410.69,10410.74,10409.86,10409.91,1659387,2026-02-13,08:53:00,FTSE100
2026-02-13 08:54:00+00:00,10409.91,10409.92,10409.8,10409.81,1642808,2026-02-13,08:54:00,FTSE100
2026-02-13 08:55:00+00:00,10409.81,10409.99,10409.44,10409.62,1626551,2026-02-13,08:55:00,FTSE100
2026-02-13 08:56:00+00:00,10409.62,10409.77,10409.19,10409.33,1610610,2026-02-13,08:56:00,FTSE100
2026-02-13 08:57:00+00:00,10409.33,10409.53,10409.07,10409.26,1594978,2026-02-13,08:57:00,FTSE100
2026-02-13 08:58:00+00:00,10409.26,10410.29,10409.23,10410.25,1579651,2026-02-13,08:58:00,FTSE100
2026-02-13 08:59:00+00:00,10410.25,10410.26,10409.82,10409.83,1564621,2026-02-13,08:59:00,FTSE100
2026-02-13 09:00:00+00:00,10409.83,10410.69,10409.64,10410.5,1549884,2026-02-13,09:00:00,FTSE100
2026-02-13 09:01:00+00:00,10410.5,10410.67,10409.42,10409.59,1535433,2026-02-13,09:01:00,FTSE100
2026-02-13 09:02:00+00:00,10409.59,10409.67,10409.4,10409.48,1521262,2026-02-13,09:02:00,FTSE100
2026-02-13 09:03:00+00:00,10409.48,10409.69,10409.47,10409.68,1507368,2026-02-13,09:03:00,FTSE100
2026-02-13 09:04:00+00:00,10409.68,10410.15,10409.65,10410.12,1493743,2026-02-13,09:04:00,FTSE100
2026-02-13 09:05:00+00:00,10410.12,10410.77,10409.99,10410.64,1480383,2026-02-13,09:05:00,FTSE100
2026-02-13 09:06:00+00:00,10410.64,10411.26,10410.6,10411.21,1467283,2026-02-13,09:06:00,FTSE100
2026-02-13 09:07:00+00:00,10411.21,10411.22,10411.1,10411.1,1454437,2026-02-13,09:07:00,FTSE100
2026-02-13 09:08:00+00:00,10411.1,10411.25,10410.76,10410.92,1441841,2026-02-13,09:08:00,FTSE100
2026-02-13 09:09:00+00:00,10410.92,10411.84,10410.6,10411.53,1429491,2026-02-13,09:09:00,FTSE100
2026-02-13 09:10:00+00:00,10411.53,10411.73,10411.3,10411.51,1417380,2026-02-13,09:10:00,FTSE100
2026-02-13 09:11:00+00:00,10411.51,10411.51,10410.83,10410.83,1405504,2026-02-13,09:11:00,FTSE100
2026-02-13 09:12:00+00:00,10410.83,10410.95,10410.14,10410.25,1393860,2026-02-13,09:12:00,FTSE100
2026-02-13 09:13:00+00:00,10410.25,10410.26,10409.78,10409.79,1382442,2026-02-13,09:13:00,FTSE100
2026-02-13 09:14:00+00:00,10409.79,10410.4,10409.58,10410.19,1371246,2026-02-13,09:14:00,FTSE100
2026-02-13 09:15:00+00:00,10410.19,10410.42,10410.13,10410.37,1360268,2026-02-13,09:15:00,FTSE100
2026-02-13 09:16:00+00:00,10410.37,10411.03,10410.21,10410.87,1349504,2026-02-13,09:16:00,FTSE100
2026-02-13 09:17:00+00:00,10410.87,10411.0,10410.58,10410.71,1338948,2026-02-13,09:17:00,FTSE100
2026-02-13 09:18:00+00:00,10410.71,10411.32,10410.3,10410.9,1328599,2026-02-13,09:18:00,FTSE100
2026-02-13 09:19:00+00:00,10410.9,10411.44,10410.83,10411.37,1318450,2026-02-13,09:19:00,FTSE100
2026-02-13 09:20:00+00:00,10411.37,10411.73,10410.93,10411.28,1308499,2026-02-13,09:20:00,FTSE100
2026-02-13 09:21:00+00:00,10411.28,10411.65,10411.28,10411.65,1298741,2026-02-13,09:21:00,FTSE100
2026-02-13 09:22:00+00:00,10411.65,10411.7,10411.29,10411.35,1289174,2026-02-13,09:22:00,FTSE100
2026-02-13 09:23:00+00:00,10411.35,10411.49,10411.08,10411.22,1279792,2026-02-13,09:23:00,FTSE100
2026-02-13 09:24:00+00:00,10411.22,10411.23,10411.09,10411.09,1270594,2026-02-13,09:24:00,FTSE100
2026-02-13 09:25:00+00:00,10411.09,10411.11,10410.44,10410.47,1261574,2026-02-13,09:25:00,FTSE100
2026-02-13 09:26:00+00:00,10410.47,10411.13,10410.19,10410.85,1252730,2026-02-13,09:26:00,FTSE100
2026-02-13 09:27:00+00:00,10410.85,10411.0,10410.51,10410.67,1244057,2026-02-13,09:27:00,FTSE100
2026-02-13 09:28:00+00:00,10410.67,10411.18,10410.25,10410.77,1235554,2026-02-13,09:28:00,FTSE100
2026-02-13 09:29:00+00:00,10410.77,10411.21,10410.71,10411.15,1227217,2026-02-13,09:29:00,FTSE100
2026-02-13 09:30:00+00:00,10411.15,10411.75,10410.92,10411.51,1219041,2026-02-13,09:30:00,FTSE100
2026-02-13 09:31:00+00:00,10411.51,10412.11,10411.41,10412.01,1211025,2026-02-13,09:31:00,FTSE100
2026-02-13 09:32:00+00:00,10412.01,10412.32,10411.73,10412.04,1203166,2026-02-13,09:32:00,FTSE100
2026-02-13 09:33:00+00:00,10412.04,10412.2,10411.72,10411.88,1195459,2026-02-13,09:33:00,FTSE100
2026-02-13 09:34:00+00:00,10411.88,10412.0,10411.82,10411.93,1187902,2026-02-13,09:34:00,FTSE100
2026-02-13 09:35:00+00:00,10411.93,10412.01,10410.93,10411.01,1180493,2026-02-13,09:35:00,FTSE100
2026-02-13 09:36:00+00:00,10411.01,10411.02,10410.23,10410.24,1173228,2026-02-13,09:36:00,FTSE100
2026-02-13 09:37:00+00:00,10410.24,10410.59,10409.19,10409.54,1166105,2026-02-13,09:37:00,FTSE100
2026-02-13 09:38:00+00:00,10409.54,10409.62,10408.96,10409.04,1159120,2026-02-13,09:38:00,FTSE100
2026-02-13 09:39:00+00:00,10409.04,10409.49,10408.92,10409.37,1152272,2026-02-13,09:39:00,FTSE100
2026-02-13 09:40:00+00:00,10409.37,10409.41,10408.88,10408.92,1145557,2026-02-13,09:40:00,FTSE100
2026-02-13 09:41:00+00:00,10408.92,10409.08,10408.64,10408.79,1138973,2026-02-13,09:41:00,FTSE100
2026-02-13 09:42:00+00:00,10408.79,10409.82,10408.63,10409.66,1132518,2026-02-13,09:42:00,FTSE100
2026-02-13 09:43:00+00:00,10409.66,10409.81,10409.4,10409.54,1126189,2026-02-13,09:43:00,FTSE100
2026-02-13 09:44:00+00:00,10409.54,10410.15,10409.47,10410.08,1119983,2026-02-13,09:44:00,FTSE100
2026-02-13 09:45:00+00:00,10410.08,10410.19,10409.5,10409.62,1113898,2026-02-13,09:45:00,FTSE100
2026-02-13 09:46:00+00:00,10409.62,10409.81,10409.4,10409.59,1107932,2026-02-13,09:46:00,FTSE100
2026-02-13 09:47:00+00:00,10409.59,10409.67,10409.03,10409.11,1102083,2026-02-13,09:47:00,FTSE100
2026-02-13 09:48:00+00:00,10409.11,10409.14,10408.98,10409.0,1096348,2026-02-13,09:48:00,FTSE100
2026-02-13 09:49:00+00:00,10409.0,10409.87,10408.73,10409.6,1090725,2026-02-13,09:49:00,FTSE100
2026-02-13 09:50:00+00:00,10409.6,10409.63,10408.63,10408.66,1085212,2026-02-13,09:50:00,FTSE100
2026-02-13 09:51:00+00:00,10408.66,10409.09,10408.59,10409.01,1079806,2026-02-13,09:51:00,FTSE100
2026-02-13 09:52:00+00:00,10409.01,10409.55,10408.72,10409.25,1074506,2026-02-13,09:52:00,FTSE100
2026-02-13 09:53:00+00:00,10409.25,10409.26,10408.98,10408.99,1069310,2026-02-13,09:53:00,FTSE100
2026-02-13 09:54:00+00:00,10408.99,10409.0,10408.2,10408.22,1064216,2026-02-13,09:54:00,FTSE100
2026-02-13 09:55:00+00:00,10408.22,10408.45,10408.12,10408.35,1059221,2026-02-13,09:55:00,FTSE100
2026-02-13 09:56:00+00:00,10408.35,10408.49,10407.99,10408.13,1054324,2026-02-13,09:56:00,FTSE100
2026-02-13 09:57:00+00:00,10408.13,10408.56,10407.94,10408.37,1049523,2026-02-13,09:57:00,FTSE100
2026-02-13 09:58:00+00:00,10408.37,10408.71,10408.13,10408.47,1044816,2026-02-13,09:58:00,FTSE100
2026-02-13 09:59:00+00:00,10408.47,10409.65,10408.36,10409.53,1040201,2026-02-13,09:59:00,FTSE100
2026-02-13 10:00:00+00:00,10409.53,10409.54,10409.47,10409.48,1035677,2026-02-13,10:00:00,FTSE100
2026-02-13 10:01:00+00:00,10409.48,10409.71,10408.73,10408.96,1031242,2026-02-13,10:01:00,FTSE100
2026-02-13 10:02:00+00:00,10408.96,10409.34,10408.78,10409.16,1026893,2026-02-13,10:02:00,FTSE100
2026-02-13 10:03:00+00:00,10409.16,10409.52,10409.03,10409.39,1022630,2026-02-13,10:03:00,FTSE100
2026-02-13 10:04:00+00:00,10409.39,10410.31,10409.38,10410.3,1018450,2026-02-13,10:04:00,FTSE100
2026-02-13 10:05:00+00:00,10410.3,10411.01,10410.18,10410.9,1014353,2026-02-13,10:05:00,FTSE100
2026-02-13 10:06:00+00:00,10410.9,10411.34,10410.76,10411.2,1010336,2026-02-13,10:06:00,FTSE100
2026-02-13 10:07:00+00:00,10411.2,10412.52,10410.86,10412.18,1006398,2026-02-13,10:07:00,FTSE100
2026-02-13 10:08:00+00:00,10412.18,10412.22,10411.51,10411.56,1002537,2026-02-13,10:08:00,FTSE100
2026-02-13 10:09:00+00:00,10411.56,10411.66,10411.17,10411.27,998753,2026-02-13,10:09:00,FTSE100
2026-02-13 10:10:00+00:00,10411.27,10411.32,10410.75,10410.81,995043,2026-02-13,10:10:00,FTSE100
2026-02-13 10:11:00+00:00,10410.81,10411.09,10410.39,10410.67,991406,2026-02-13,10:11:00,FTSE100
2026-02-13 10:12:00+00:00,10410.67,10410.69,10409.91,10409.94,987841,2026-02-13,10:12:00,FTSE100
2026-02-13 10:13:00+00:00,10409.94,10410.43,10409.92,10410.41,984346,2026-02-13,10:13:00,FTSE100
2026-02-13 10:14:00+00:00,10410.41,10410.52,10410.26,10410.37,980920,2026-02-13,10:14:00,FTSE100
2026-02-13 10:15:00+00:00,10410.37,10410.59,10409.37,10409.59,977562,2026-02-13,10:15:00,FTSE100
2026-02-13 10:16:00+00:00,10409.59,10409.67,10408.99,10409.07,974270,2026-02-13,10:16:00,FTSE100
2026-02-13 10:17:00+00:00,10409.07,10409.46,10408.96,10409.35,971044,2026-02-13,10:17:00,FTSE100
2026-02-13 10:18:00+00:00,10409.35,10409.98,10409.32,10409.95,967881,2026-02-13,10:18:00,FTSE100
2026-02-13 10:19:00+00:00,10409.95,10411.33,10409.87,10411.24,964781,2026-02-13,10:19:00,FTSE100
2026-02-13 10:20:00+00:00,10411.24,10413.09,10411.24,10413.09,961742,2026-02-13,10:20:00,FTSE100
2026-02-13 10:21:00+00:00,10413.09,10413.56,10412.96,10413.43,958764,2026-02-13,10:21:00,FTSE100
2026-02-13 10:22:00+00:00,10413.43,10413.64,10412.72,10412.93,955845,2026-02-13,10:22:00,FTSE100
2026-02-13 10:23:00+00:00,10412.93,10413.06,10411.61,10411.75,952984,2026-02-13,10:23:00,FTSE100
2026-02-13 10:24:00+00:00,10411.75,10412.25,10411.49,10412.0,950180,2026-02-13,10:24:00,FTSE100
2026-02-13 10:25:00+00:00,10412.0,10412.13,10411.48,10411.61,947431,2026-02-13,10:25:00,FTSE100
2026-02-13 10:26:00+00:00,10411.61,10411.65,10411.41,10411.45,944738,2026-02-13,10:26:00,FTSE100
2026-02-13 10:27:00+00:00,10411.45,10411.65,10410.98,10411.18,942098,2026-02-13,10:27:00,FTSE100
2026-02-13 10:28:00+00:00,10411.18,10411.27,10411.1,10411.19,939511,2026-02-13,10:28:00,FTSE100
2026-02-13 10:29:00+00:00,10411.19,10412.01,10411.1,10411.92,936976,2026-02-13,10:29:00,FTSE100
2026-02-13 10:30:00+00:00,10411.92,10412.3,10411.74,10412.11,934491,2026-02-13,10:30:00,FTSE100
2026-02-13 10:31:00+00:00,10412.11,10412.14,10412.09,10412.11,932057,2026-02-13,10:31:00,FTSE100
2026-02-13 10:32:00+00:00,10412.11,10412.25,10411.45,10411.59,929671,2026-02-13,10:32:00,FTSE100
2026-02-13 10:33:00+00:00,10411.59,10411.66,10410.6,10410.68,927333,2026-02-13,10:33:00,FTSE100
2026-02-13 10:34:00+00:00,10410.68,10410.77,10410.39,10410.48,925042,2026-02-13,10:34:00,FTSE100
2026-02-13 10:35:00+00:00,10410.48,10410.74,10410.28,10410.54,922798,2026-02-13,10:35:00,FTSE100
2026-02-13 10:36:00+00:00,10410.54,10411.72,10410.52,10411.7,920599,2026-02-13,10:36:00,FTSE100
2026-02-13 10:37:00+00:00,10411.7,10412.13,10411.44,10411.87,918444,2026-02-13,10:37:00,FTSE100
2026-02-13 10:38:00+00:00,10411.87,10412.76,10411.66,10412.55,916333,2026-02-13,10:38:00,FTSE100
2026-02-13 10:39:00+00:00,10412.55,10412.99,10411.91,10412.35,914265,2026-02-13,10:39:00,FTSE100
2026-02-13 10:40:00+00:00,10412.35,10412.39,10411.69,10411.73,912238,2026-02-13,10:40:00,FTSE100
2026-02-13 10:41:00+00:00,10411.73,10411.92,10411.06,10411.25,910253,2026-02-13,10:41:00,FTSE100
2026-02-13 10:42:00+00:00,10411.25,10411.42,10410.74,10410.91,908309,2026-02-13,10:42:00,FTSE100
2026-02-13 10:43:00+00:00,10410.91,10412.41,10410.78,10412.28,906404,2026-02-13,10:43:00,FTSE100
2026-02-13 10:44:00+00:00,10412.28,10412.4,10411.76,10411.88,904539,2026-02-13,10:44:00,FTSE100
2026-02-13 10:45:00+00:00,10411.88,10412.59,10411.77,10412.48,902711,2026-02-13,10:45:00,FTSE100
2026-02-13 10:46:00+00:00,10412.48,10412.56,10411.95,10412.03,900922,2026-02-13,10:46:00,FTSE100
2026-02-13 10:47:00+00:00,10412.03,10412.86,10411.85,10412.68,899169,2026-02-13,10:47:00,FTSE100
2026-02-13 10:48:00+00:00,10412.68,10413.04,10412.65,10413.01,897452,2026-02-13,10:48:00,FTSE100
2026-02-13 10:49:00+00:00,10413.01,10413.37,10412.65,10413.01,895771,2026-02-13,10:49:00,FTSE100
2026-02-13 10:50:00+00:00,10413.01,10413.22,10412.87,10413.08,894125,2026-02-13,10:50:00,FTSE100
2026-02-13 10:51:00+00:00,10413.08,10413.17,10412.69,10412.78,892513,2026-02-13,10:51:00,FTSE100
2026-02-13 10:52:00+00:00,10412.78,10413.44,10412.49,10413.14,890935,2026-02-13,10:52:00,FTSE100
2026-02-13 10:53:00+00:00,10413.14,10413.49,10412.62,10412.97,889390,2026-02-13,10:53:00,FTSE100
2026-02-13 10:54:00+00:00,10412.97,10413.15,10412.14,10412.33,887878,2026-02-13,10:54:00,FTSE100
2026-02-13 10:55:00+00:00,10412.33,10412.51,10411.47,10411.65,886397,2026-02-13,10:55:00,FTSE100
2026-02-13 10:56:00+00:00,10411.65,10411.95,10411.55,10411.85,884948,2026-02-13,10:56:00,FTSE100
2026-02-13 10:57:00+00:00,10411.85,10412.97,10411.78,10412.89,883529,2026-02-13,10:57:00,FTSE100
2026-02-13 10:58:00+00:00,10412.89,10413.11,10412.86,10413.08,882141,2026-02-13,10:58:00,FTSE100
2026-02-13 10:59:00+00:00,10413.08,10413.19,10413.0,10413.11,880782,2026-02-13,10:59:00,FTSE100
2026-02-13 11:00:00+00:00,10413.11,10413.42,10413.06,10413.37,879453,2026-02-13,11:00:00,FTSE100
2026-02-13 11:01:00+00:00,10413.37,10414.26,10413.36,10414.25,878152,2026-02-13,11:01:00,FTSE100
2026-02-13 11:02:00+00:00,10414.25,10414.55,10414.18,10414.48,876879,2026-02-13,11:02:00,FTSE100
2026-02-13 11:03:00+00:00,10414.48,10414.54,10414.26,10414.33,875634,2026-02-13,11:03:00,FTSE100
2026-02-13 11:04:00+00:00,10414.33,10415.13,10414.28,10415.08,874417,2026-02-13,11:04:00,FTSE100
2026-02-13 11:05:00+00:00,10415.08,10415.48,10415.04,10415.44,873226,2026-02-13,11:05:00,FTSE100
2026-02-13 11:06:00+00:00,10415.44,10416.59,10415.29,10416.45,872061,2026-02-13,11:06:00,FTSE100
2026-02-13 11:07:00+00:00,10416.45,10416.77,10416.34,10416.66,870922,2026-02-13,11:07:00,FTSE100
2026-02-13 11:08:00+00:00,10416.66,10416.84,10415.84,10416.02,869808,2026-02-13,11:08:00,FTSE100
2026-02-13 11:09:00+00:00,10416.02,10416.13,10415.17,10415.29,868720,2026-02-13,11:09:00,FTSE100
2026-02-13 11:10:00+00:00,10415.29,10416.59,10415.07,10416.37,867656,2026-02-13,11:10:00,FTSE100
2026-02-13 11:11:00+00:00,10416.37,10417.74,10416.14,10417.5,866616,2026-02-13,11:11:00,FTSE100
2026-02-13 11:12:00+00:00,10417.5,10417.59,10417.41,10417.49,865600,2026-02-13,11:12:00,FTSE100
2026-02-13 11:13:00+00:00,10417.49,10417.53,10417.31,10417.36,864607,2026-02-13,11:13:00,FTSE100
2026-02-13 11:14:00+00:00,10417.36,10418.45,10417.23,10418.33,863637,2026-02-13,11:14:00,FTSE100
2026-02-13 11:15:00+00:00,10418.33,10418.43,10417.66,10417.76,862689,2026-02-13,11:15:00,FTSE100
2026-02-13 11:16:00+00:00,10417.76,10417.99,10417.08,10417.31,861764,2026-02-13,11:16:00,FTSE100
2026-02-13 11:17:00+00:00,10417.31,10417.81,10417.3,10417.8,860861,2026-02-13,11:17:00,FTSE100
2026-02-13 11:18:00+00:00,10417.8,10418.01,10417.44,10417.65,859979,2026-02-13,11:18:00,FTSE100
2026-02-13 11:19:00+00:00,10417.65,10417.81,10417.58,10417.74,859119,2026-02-13,11:19:00,FTSE100
2026-02-13 11:20:00+00:00,10417.74,10417.75,10417.74,10417.74,858279,2026-02-13,11:20:00,FTSE100
2026-02-13 11:21:00+00:00,10417.74,10418.3,10417.48,10418.04,857460,2026-02-13,11:21:00,FTSE100
2026-02-13 11:22:00+00:00,10418.04,10419.29,10417.72,10418.98,856660,2026-02-13,11:22:00,FTSE100
2026-02-13 11:23:00+00:00,10418.98,10419.18,10418.92,10419.13,855881,2026-02-13,11:23:00,FTSE100
2026-02-13 11:24:00+00:00,10419.13,10419.71,10419.02,10419.61,855122,2026-02-13,11:24:00,FTSE100
2026-02-13 11:25:00+00:00,10419.61,10419.71,10418.37,10418.47,854382,2026-02-13,11:25:00,FTSE100
2026-02-13 11:26:00+00:00,10418.47,10418.66,10418.34,10418.54,853660,2026-02-13,11:26:00,FTSE100
2026-02-13 11:27:00+00:00,10418.54,10418.69,10417.98,10418.13,852958,2026-02-13,11:27:00,FTSE100
2026-02-13 11:28:00+00:00,10418.13,10418.15,10417.47,10417.49,852274,2026-02-13,11:28:00,FTSE100
2026-02-13 11:29:00+00:00,10417.49,10417.56,10416.99,10417.06,851608,2026-02-13,11:29:00,FTSE100
2026-02-13 11:30:00+00:00,10417.06,10417.25,10416.75,10416.95,850960,2026-02-13,11:30:00,FTSE100
2026-02-13 11:31:00+00:00,10416.95,10417.62,10416.93,10417.59,850330,2026-02-13,11:31:00,FTSE100
2026-02-13 11:32:00+00:00,10417.59,10417.6,10416.89,10416.89,849718,2026-02-13,11:32:00,FTSE100
2026-02-13 11:33:00+00:00,10416.89,10417.04,10416.86,10417.01,849122,2026-02-13,11:33:00,FTSE100
2026-02-13 11:34:00+00:00,10417.01,10417.2,10416.61,10416.81,848544,2026-02-13,11:34:00,FTSE100
2026-02-13 11:35:00+00:00,10416.81,10416.89,10416.63,10416.71,847982,2026-02-13,11:35:00,FTSE100
2026-02-13 11:36:00+00:00,10416.71,10417.57,10416.54,10417.4,847437,2026-02-13,11:36:00,FTSE100
2026-02-13 11:37:00+00:00,10417.4,10417.85,10417.38,10417.82,846908,2026-02-13,11:37:00,FTSE100
2026-02-13 11:38:00+00:00,10417.82,10418.83,10417.71,10418.72,846396,2026-02-13,11:38:00,FTSE100
2026-02-13 11:39:00+00:00,10418.72,10418.9,10418.54,10418.72,845899,2026-02-13,11:39:00,FTSE100
2026-02-13 11:40:00+00:00,10418.72,10418.73,10418.39,10418.4,845418,2026-02-13,11:40:00,FTSE100
2026-02-13 11:41:00+00:00,10418.4,10418.69,10418.07,10418.36,844953,2026-02-13,11:41:00,FTSE100
2026-02-13 11:42:00+00:00,10418.36,10418.93,10418.02,10418.6,844503,2026-02-13,11:42:00,FTSE100
2026-02-13 11:43:00+00:00,10418.6,10419.0,10418.39,10418.8,844068,2026-02-13,11:43:00,FTSE100
2026-02-13 11:44:00+00:00,10418.8,10418.93,10418.11,10418.24,843648,2026-02-13,11:44:00,FTSE100
2026-02-13 11:45:00+00:00,10418.24,10418.44,10418.2,10418.39,843244,2026-02-13,11:45:00,FTSE100
2026-02-13 11:46:00+00:00,10418.39,10418.95,10418.06,10418.62,842854,2026-02-13,11:46:00,FTSE100
2026-02-13 11:47:00+00:00,10418.62,10420.44,10418.41,10420.23,842478,2026-02-13,11:47:00,FTSE100
2026-02-13 11:48:00+00:00,10420.23,10421.48,10420.2,10421.45,842117,2026-02-13,11:48:00,FTSE100
2026-02-13 11:49:00+00:00,10421.45,10421.64,10420.84,10421.03,841771,2026-02-13,11:49:00,FTSE100
2026-02-13 11:50:00+00:00,10421.03,10421.12,10420.86,10420.95,841438,2026-02-13,11:50:00,FTSE100
2026-02-13 11:51:00+00:00,10420.95,10421.01,10420.11,10420.17,841120,2026-02-13,11:51:00,FTSE100
2026-02-13 11:52:00+00:00,10420.17,10420.27,10419.81,10419.91,840815,2026-02-13,11:52:00,FTSE100
2026-02-13 11:53:00+00:00,10419.91,10420.26,10419.85,10420.19,840524,2026-02-13,11:53:00,FTSE100
2026-02-13 11:54:00+00:00,10420.19,10421.06,10420.14,10421.01,840247,2026-02-13,11:54:00,FTSE100
2026-02-13 11:55:00+00:00,10421.01,10421.11,10420.57,10420.67,839984,2026-02-13,11:55:00,FTSE100
2026-02-13 11:56:00+00:00,10420.67,10420.83,10420.21,10420.37,839734,2026-02-13,11:56:00,FTSE100
2026-02-13 11:57:00+00:00,10420.37,10420.42,10419.13,10419.18,839498,2026-02-13,11:57:00,FTSE100
2026-02-13 11:58:00+00:00,10419.18,10419.56,10418.8,10419.17,839274,2026-02-13,11:58:00,FTSE100
2026-02-13 11:59:00+00:00,10419.17,10419.3,10418.51,10418.63,839064,2026-02-13,11:59:00,FTSE100
2026-02-13 12:00:00+00:00,10418.63,10418.85,10418.19,10418.41,838867,2026-02-13,12:00:00,FTSE100
2026-02-13 12:01:00+00:00,10418.41,10418.53,10417.86,10417.98,838683,2026-02-13,12:01:00,FTSE100
2026-02-13 12:02:00+00:00,10417.98,10418.18,10417.81,10418.02,838513,2026-02-13,12:02:00,FTSE100
2026-02-13 12:03:00+00:00,10418.02,10418.06,10417.01,10417.06,838355,2026-02-13,12:03:00,FTSE100
2026-02-13 12:04:00+00:00,10417.06,10417.08,10416.25,10416.27,838209,2026-02-13,12:04:00,FTSE100
2026-02-13 12:05:00+00:00,10416.27,10417.81,10416.11,10417.64,838077,2026-02-13,12:05:00,FTSE100
2026-02-13 12:06:00+00:00,10417.64,10417.72,10416.89,10416.96,837958,2026-02-13,12:06:00,FTSE100
2026-02-13 12:07:00+00:00,10416.96,10417.07,10416.3,10416.4,837851,2026-02-13,12:07:00,FTSE100
2026-02-13 12:08:00+00:00,10416.4,10417.62,10416.38,10417.6,837757,2026-02-13,12:08:00,FTSE100
2026-02-13 12:09:00+00:00,10417.6,10419.45,10417.59,10419.43,837675,2026-02-13,12:09:00,FTSE100
2026-02-13 12:10:00+00:00,10419.43,10419.45,10418.81,10418.83,837606,2026-02-13,12:10:00,FTSE100
2026-02-13 12:11:00+00:00,10418.83,10419.08,10418.44,10418.7,837550,2026-02-13,12:11:00,FTSE100
2026-02-13 12:12:00+00:00,10418.7,10419.08,10418.62,10419.0,837506,2026-02-13,12:12:00,FTSE100
2026-02-13 12:13:00+00:00,10419.0,10420.2,10418.93,10420.13,837475,2026-02-13,12:13:00,FTSE100
2026-02-13 12:14:00+00:00,10420.13,10420.3,10419.47,10419.63,837456,2026-02-13,12:14:00,FTSE100
2026-02-13 12:15:00+00:00,10419.63,10419.91,10419.3,10419.58,837450,2026-02-13,12:15:00,FTSE100
2026-02-13 12:16:00+00:00,10419.58,10420.35,10419.37,10420.14,837456,2026-02-13,12:16:00,FTSE100
2026-02-13 12:17:00+00:00,10420.14,10420.66,10419.98,10420.5,837475,2026-02-13,12:17:00,FTSE100
2026-02-13 12:18:00+00:00,10420.5,10420.58,10420.29,10420.37,837506,2026-02-13,12:18:00,FTSE100
2026-02-13 12:19:00+00:00,10420.37,10420.5,10420.25,10420.38,837550,2026-02-13,12:19:00,FTSE100
2026-02-13 12:20:00+00:00,10420.38,10420.53,10419.51,10419.65,837606,2026-02-13,12:20:00,FTSE100
2026-02-13 12:21:00+00:00,10419.65,10419.67,10419.58,10419.6,837675,2026-02-13,12:21:00,FTSE100
2026-02-13 12:22:00+00:00,10419.6,10419.61,10419.53,10419.54,837757,2026-02-13,12:22:00,FTSE100
2026-02-13 12:23:00+00:00,10419.54,10419.9,10419.4,10419.77,837851,2026-02-13,12:23:00,FTSE100
2026-02-13 12:24:00+00:00,10419.77,10419.83,10419.48,10419.53,837958,2026-02-13,12:24:00,FTSE100
2026-02-13 12:25:00+00:00,10419.53,10420.08,10419.36,10419.91,838077,2026-02-13,12:25:00,FTSE100
2026-02-13 12:26:00+00:00,10419.91,10420.8,10419.72,10420.61,838209,2026-02-13,12:26:00,FTSE100
2026-02-13 12:27:00+00:00,10420.61,10420.88,10420.53,10420.8,838355,2026-02-13,12:27:00,FTSE100
2026-02-13 12:28:00+00:00,10420.8,10421.25,10420.66,10421.11,838513,2026-02-13,12:28:00,FTSE100
2026-02-13 12:29:00+00:00,10421.11,10421.28,10421.06,10421.23,838683,2026-02-13,12:29:00,FTSE100
2026-02-13 12:30:00+00:00,10421.23,10421.34,10421.22,10421.33,838867,2026-02-13,12:30:00,FTSE100
2026-02-13 12:31:00+00:00,10421.33,10421.43,10420.89,10420.99,839064,2026-02-13,12:31:00,FTSE100
2026-02-13 12:32:00+00:00,10420.99,10421.33,10420.93,10421.27,839274,2026-02-13,12:32:00,FTSE100
2026-02-13 12:33:00+00:00,10421.27,10421.4,10421.18,10421.31,839498,2026-02-13,12:33:00,FTSE100
2026-02-13 12:34:00+00:00,10421.31,10422.74,10421.23,10422.66,839734,2026-02-13,12:34:00,FTSE100
2026-02-13 12:35:00+00:00,10422.66,10423.7,10422.66,10423.7,839984,2026-02-13,12:35:00,FTSE100
2026-02-13 12:36:00+00:00,10423.7,10424.06,10423.67,10424.02,840247,2026-02-13,12:36:00,FTSE100
2026-02-13 12:37:00+00:00,10424.02,10424.08,10423.6,10423.66,840524,2026-02-13,12:37:00,FTSE100
2026-02-13 12:38:00+00:00,10423.66,10423.76,10422.99,10423.09,840815,2026-02-13,12:38:00,FTSE100
2026-02-13 12:39:00+00:00,10423.09,10423.94,10423.05,10423.9,841120,2026-02-13,12:39:00,FTSE100
2026-02-13 12:40:00+00:00,10423.9,10424.38,10423.66,10424.15,841438,2026-02-13,12:40:00,FTSE100
2026-02-13 12:41:00+00:00,10424.15,10424.74,10423.94,10424.53,841771,2026-02-13,12:41:00,FTSE100
2026-02-13 12:42:00+00:00,10424.53,10424.6,10423.51,10423.58,842117,2026-02-13,12:42:00,FTSE100
2026-02-13 12:43:00+00:00,10423.58,10424.54,10423.27,10424.23,842478,2026-02-13,12:43:00,FTSE100
2026-02-13 12:44:00+00:00,10424.23,10424.7,10424.13,10424.6,842854,2026-02-13,12:44:00,FTSE100
2026-02-13 12:45:00+00:00,10424.6,10424.61,10424.01,10424.03,843244,2026-02-13,12:45:00,FTSE100
2026-02-13 12:46:00+00:00,10424.03,10424.12,10423.75,10423.84,843648,2026-02-13,12:46:00,FTSE100
2026-02-13 12:47:00+00:00,10423.84,10424.17,10423.76,10424.09,844068,2026-02-13,12:47:00,FTSE100
2026-02-13 12:48:00+00:00,10424.09,10424.29,10424.02,10424.22,844503,2026-02-13,12:48:00,FTSE100
2026-02-13 12:49:00+00:00,10424.22,10424.28,10424.07,10424.14,844953,2026-02-13,12:49:00,FTSE100
2026-02-13 12:50:00+00:00,10424.14,10424.29,10424.01,10424.17,845418,2026-02-13,12:50:00,FTSE100
2026-02-13 12:51:00+00:00,10424.17,10424.19,10424.09,10424.11,845899,2026-02-13,12:51:00,FTSE100
2026-02-13 12:52:00+00:00,10424.11,10424.47,10423.94,10424.3,846396,2026-02-13,12:52:00,FTSE100
2026-02-13 12:53:00+00:00,10424.3,10425.39,10424.18,10425.28,846908,2026-02-13,12:53:00,FTSE100
2026-02-13 12:54:00+00:00,10425.28,10425.31,10423.8,10423.83,847437,2026-02-13,12:54:00,FTSE100
2026-02-13 12:55:00+00:00,10423.83,10423.92,10423.69,10423.78,847982,2026-02-13,12:55:00,FTSE100
2026-02-13 12:56:00+00:00,10423.78,10424.1,10423.67,10423.98,848544,2026-02-13,12:56:00,FTSE100
2026-02-13 12:57:00+00:00,10423.98,10424.26,10423.98,10424.26,849122,2026-02-13,12:57:00,FTSE100
2026-02-13 12:58:00+00:00,10424.26,10424.49,10423.9,10424.13,849718,2026-02-13,12:58:00,FTSE100
2026-02-13 12:59:00+00:00,10424.13,10424.14,10423.15,10423.17,850330,2026-02-13,12:59:00,FTSE100
2026-02-13 13:00:00+00:00,10423.17,10423.53,10423.1,10423.46,850960,2026-02-13,13:00:00,FTSE100
2026-02-13 13:01:00+00:00,10423.46,10424.76,10423.29,10424.59,851608,2026-02-13,13:01:00,FTSE100
2026-02-13 13:02:00+00:00,10424.59,10424.76,10423.59,10423.76,852274,2026-02-13,13:02:00,FTSE100
2026-02-13 13:03:00+00:00,10423.76,10424.43,10423.71,10424.38,852958,2026-02-13,13:03:00,FTSE100
2026-02-13 13:04:00+00:00,10424.38,10424.54,10424.11,10424.27,853660,2026-02-13,13:04:00,FTSE100
2026-02-13 13:05:00+00:00,10424.27,10424.45,10424.16,10424.33,854382,2026-02-13,13:05:00,FTSE100
2026-02-13 13:06:00+00:00,10424.33,10424.37,10423.76,10423.79,855122,2026-02-13,13:06:00,FTSE100
2026-02-13 13:07:00+00:00,10423.79,10423.81,10423.68,10423.69,855881,2026-02-13,13:07:00,FTSE100
2026-02-13 13:08:00+00:00,10423.69,10424.8,10423.45,10424.56,856660,2026-02-13,13:08:00,FTSE100
2026-02-13 13:09:00+00:00,10424.56,10425.22,10424.35,10425.01,857460,2026-02-13,13:09:00,FTSE100
2026-02-13 13:10:00+00:00,10425.01,10426.22,10424.93,10426.14,858279,2026-02-13,13:10:00,FTSE100
2026-02-13 13:11:00+00:00,10426.14,10426.99,10426.09,10426.94,859119,2026-02-13,13:11:00,FTSE100
2026-02-13 13:12:00+00:00,10426.94,10427.36,10426.89,10427.3,859979,2026-02-13,13:12:00,FTSE100
2026-02-13 13:13:00+00:00,10427.3,10428.52,10427.22,10428.44,860861,2026-02-13,13:13:00,FTSE100
2026-02-13 13:14:00+00:00,10428.44,10428.86,10428.38,10428.8,861764,2026-02-13,13:14:00,FTSE100
2026-02-13 13:15:00+00:00,10428.8,10429.6,10428.59,10429.39,862689,2026-02-13,13:15:00,FTSE100
2026-02-13 13:16:00+00:00,10429.39,10429.49,10429.21,10429.31,863637,2026-02-13,13:16:00,FTSE100
2026-02-13 13:17:00+00:00,10429.31,10429.63,10429.12,10429.44,864607,2026-02-13,13:17:00,FTSE100
2026-02-13 13:18:00+00:00,10429.44,10429.66,10428.9,10429.12,865600,2026-02-13,13:18:00,FTSE100
2026-02-13 13:19:00+00:00,10429.12,10429.89,10429.04,10429.81,866616,2026-02-13,13:19:00,FTSE100
2026-02-13 13:20:00+00:00,10429.81,10429.89,10429.12,10429.19,867656,2026-02-13,13:20:00,FTSE100
2026-02-13 13:21:00+00:00,10429.19,10429.82,10429.13,10429.76,868720,2026-02-13,13:21:00,FTSE100
2026-02-13 13:22:00+00:00,10429.76,10429.92,10429.58,10429.74,869808,2026-02-13,13:22:00,FTSE100
2026-02-13 13:23:00+00:00,10429.74,10430.63,10429.64,10430.54,870922,2026-02-13,13:23:00,FTSE100
2026-02-13 13:24:00+00:00,10430.54,10431.25,10430.37,10431.08,872061,2026-02-13,13:24:00,FTSE100
2026-02-13 13:25:00+00:00,10431.08,10432.44,10430.91,10432.27,873226,2026-02-13,13:25:00,FTSE100
2026-02-13 13:26:00+00:00,10432.27,10432.81,10432.26,10432.8,874417,2026-02-13,13:26:00,FTSE100
2026-02-13 13:27:00+00:00,10432.8,10432.88,10431.87,10431.95,875634,2026-02-13,13:27:00,FTSE100
2026-02-13 13:28:00+00:00,10431.95,10432.2,10431.76,10432.01,876879,2026-02-13,13:28:00,FTSE100
2026-02-13 13:29:00+00:00,10432.01,10432.13,10431.27,10431.4,878152,2026-02-13,13:29:00,FTSE100
2026-02-13 13:30:00+00:00,10431.4,10431.47,10431.11,10431.18,879453,2026-02-13,13:30:00,FTSE100
2026-02-13 13:31:00+00:00,10431.18,10432.22,10431.14,10432.18,880782,2026-02-13,13:31:00,FTSE100
2026-02-13 13:32:00+00:00,10432.18,10432.85,10431.99,10432.66,882141,2026-02-13,13:32:00,FTSE100
2026-02-13 13:33:00+00:00,10432.66,10432.71,10432.28,10432.34,883529,2026-02-13,13:33:00,FTSE100
2026-02-13 13:34:00+00:00,10432.34,10432.34,10431.82,10431.82,884948,2026-02-13,13:34:00,FTSE100
2026-02-13 13:35:00+00:00,10431.82,10432.09,10431.66,10431.94,886397,2026-02-13,13:35:00,FTSE100
2026-02-13 13:36:00+00:00,10431.94,10431.99,10431.24,10431.3,887878,2026-02-13,13:36:00,FTSE100
2026-02-13 13:37:00+00:00,10431.3,10431.38,10430.91,10430.99,889390,2026-02-13,13:37:00,FTSE100
2026-02-13 13:38:00+00:00,10430.99,10431.29,10430.97,10431.27,890935,2026-02-13,13:38:00,FTSE100
2026-02-13 13:39:00+00:00,10431.27,10432.07,10431.27,10432.06,892513,2026-02-13,13:39:00,FTSE100
2026-02-13 13:40:00+00:00,10432.06,10432.74,10431.84,10432.52,894125,2026-02-13,13:40:00,FTSE100
2026-02-13 13:41:00+00:00,10432.52,10432.52,10431.24,10431.24,895771,2026-02-13,13:41:00,FTSE100
2026-02-13 13:42:00+00:00,10431.24,10431.67,10431.09,10431.52,897452,2026-02-13,13:42:00,FTSE100
2026-02-13 13:43:00+00:00,10431.52,10431.74,10431.44,10431.66,899169,2026-02-13,13:43:00,FTSE100
2026-02-13 13:44:00+00:00,10431.66,10432.35,10431.3,10432.0,900922,2026-02-13,13:44:00,FTSE100
2026-02-13 13:45:00+00:00,10432.0,10433.1,10431.97,10433.06,902711,2026-02-13,13:45:00,FTSE100
2026-02-13 13:46:00+00:00,10433.06,10433.2,10431.78,10431.92,904539,2026-02-13,13:46:00,FTSE100
2026-02-13 13:47:00+00:00,10431.92,10432.07,10431.51,10431.66,906404,2026-02-13,13:47:00,FTSE100
2026-02-13 13:48:00+00:00,10431.66,10432.28,10431.49,10432.11,908309,2026-02-13,13:48:00,FTSE100
2026-02-13 13:49:00+00:00,10432.11,10432.22,10431.15,10431.25,910253,2026-02-13,13:49:00,FTSE100
2026-02-13 13:50:00+00:00,10431.25,10432.28,10431.21,10432.23,912238,2026-02-13,13:50:00,FTSE100
2026-02-13 13:51:00+00:00,10432.23,10432.62,10432.17,10432.55,914265,2026-02-13,13:51:00,FTSE100
2026-02-13 13:52:00+00:00,10432.55,10433.28,10432.43,10433.15,916333,2026-02-13,13:52:00,FTSE100
2026-02-13 13:53:00+00:00,10433.15,10433.24,10432.82,10432.91,918444,2026-02-13,13:53:00,FTSE100
2026-02-13 13:54:00+00:00,10432.91,10433.56,10432.83,10433.49,920599,2026-02-13,13:54:00,FTSE100
2026-02-13 13:55:00+00:00,10433.49,10434.34,10433.37,10434.22,922798,2026-02-13,13:55:00,FTSE100
2026-02-13 13:56:00+00:00,10434.22,10434.65,10434.03,10434.46,925042,2026-02-13,13:56:00,FTSE100
2026-02-13 13:57:00+00:00,10434.46,10434.7,10434.45,10434.69,927333,2026-02-13,13:57:00,FTSE100
2026-02-13 13:58:00+00:00,10434.69,10435.05,10434.59,10434.95,929671,2026-02-13,13:58:00,FTSE100
2026-02-13 13:59:00+00:00,10434.95,10435.16,10434.31,10434.53,932057,2026-02-13,13:59:00,FTSE100
2026-02-13 14:00:00+00:00,10434.53,10434.55,10434.51,10434.53,934491,2026-02-13,14:00:00,FTSE100
2026-02-13 14:01:00+00:00,10434.53,10434.6,10434.47,10434.54,936976,2026-02-13,14:01:00,FTSE100
2026-02-13 14:02:00+00:00,10434.54,10434.99,10434.41,10434.86,939511,2026-02-13,14:02:00,FTSE100
2026-02-13 14:03:00+00:00,10434.86,10435.65,10434.76,10435.55,942098,2026-02-13,14:03:00,FTSE100
2026-02-13 14:04:00+00:00,10435.55,10435.6,10434.97,10435.01,944738,2026-02-13,14:04:00,FTSE100
2026-02-13 14:05:00+00:00,10435.01,10435.08,10434.97,10435.03,947431,2026-02-13,14:05:00,FTSE100
2026-02-13 14:06:00+00:00,10435.03,10436.19,10434.86,10436.02,950180,2026-02-13,14:06:00,FTSE100
2026-02-13 14:07:00+00:00,10436.02,10436.21,10435.48,10435.67,952984,2026-02-13,14:07:00,FTSE100
2026-02-13 14:08:00+00:00,10435.67,10435.85,10435.08,10435.27,955845,2026-02-13,14:08:00,FTSE100
2026-02-13 14:09:00+00:00,10435.27,10435.58,10435.17,10435.48,958764,2026-02-13,14:09:00,FTSE100
2026-02-13 14:10:00+00:00,10435.48,10436.16,10435.4,10436.08,961742,2026-02-13,14:10:00,FTSE100
2026-02-13 14:11:00+00:00,10436.08,10436.23,10436.04,10436.19,964781,2026-02-13,14:11:00,FTSE100
2026-02-13 14:12:00+00:00,10436.19,10437.38,10435.89,10437.08,967881,2026-02-13,14:12:00,FTSE100
2026-02-13 14:13:00+00:00,10437.08,10437.85,10436.91,10437.69,971044,2026-02-13,14:13:00,FTSE100
2026-02-13 14:14:00+00:00,10437.69,10438.41,10437.56,10438.29,974270,2026-02-13,14:14:00,FTSE100
2026-02-13 14:15:00+00:00,10438.29,10438.83,10438.17,10438.71,977562,2026-02-13,14:15:00,FTSE100
2026-02-13 14:16:00+00:00,10438.71,10440.39,10438.52,10440.2,980920,2026-02-13,14:16:00,FTSE100
2026-02-13 14:17:00+00:00,10440.2,10440.26,10440.12,10440.18,984346,2026-02-13,14:17:00,FTSE100
2026-02-13 14:18:00+00:00,10440.18,10440.27,10438.98,10439.07,987841,2026-02-13,14:18:00,FTSE100
2026-02-13 14:19:00+00:00,10439.07,10440.23,10438.97,10440.12,991406,2026-02-13,14:19:00,FTSE100
2026-02-13 14:20:00+00:00,10440.12,10440.31,10439.76,10439.94,995043,2026-02-13,14:20:00,FTSE100
2026-02-13 14:21:00+00:00,10439.94,10440.24,10439.81,10440.1,998753,2026-02-13,14:21:00,FTSE100
2026-02-13 14:22:00+00:00,10440.1,10441.1,10439.99,10440.98,1002537,2026-02-13,14:22:00,FTSE100
2026-02-13 14:23:00+00:00,10440.98,10441.12,10439.98,10440.12,1006398,2026-02-13,14:23:00,FTSE100
2026-02-13 14:24:00+00:00,10440.12,10440.4,10439.18,10439.46,1010336,2026-02-13,14:24:00,FTSE100
2026-02-13 14:25:00+00:00,10439.46,10439.52,10438.53,10438.6,1014353,2026-02-13,14:25:00,FTSE100
2026-02-13 14:26:00+00:00,10438.6,10438.63,10438.18,10438.21,1018450,2026-02-13,14:26:00,FTSE100
2026-02-13 14:27:00+00:00,10438.21,10438.68,10438.1,10438.57,1022630,2026-02-13,14:27:00,FTSE100
2026-02-13 14:28:00+00:00,10438.57,10439.2,10438.36,10438.98,1026893,2026-02-13,14:28:00,FTSE100
2026-02-13 14:29:00+00:00,10438.98,10439.27,10438.95,10439.24,1031242,2026-02-13,14:29:00,FTSE100
2026-02-13 14:30:00+00:00,10439.24,10439.29,10438.44,10438.49,1035677,2026-02-13,14:30:00,FTSE100
2026-02-13 14:31:00+00:00,10438.49,10438.73,10436.96,10437.2,1040201,2026-02-13,14:31:00,FTSE100
2026-02-13 14:32:00+00:00,10437.2,10437.34,10437.18,10437.32,1044816,2026-02-13,14:32:00,FTSE100
2026-02-13 14:33:00+00:00,10437.32,10437.38,10437.08,10437.14,1049523,2026-02-13,14:33:00,FTSE100
2026-02-13 14:34:00+00:00,10437.14,10437.54,10437.1,10437.51,1054324,2026-02-13,14:34:00,FTSE100
2026-02-13 14:35:00+00:00,10437.51,10438.31,10437.21,10438.02,1059221,2026-02-13,14:35:00,FTSE100
2026-02-13 14:36:00+00:00,10438.02,10438.38,10437.84,10438.2,1064216,2026-02-13,14:36:00,FTSE100
2026-02-13 14:37:00+00:00,10438.2,10438.84,10438.11,10438.75,1069310,2026-02-13,14:37:00,FTSE100
2026-02-13 14:38:00+00:00,10438.75,10439.04,10438.69,10438.98,1074506,2026-02-13,14:38:00,FTSE100
2026-02-13 14:39:00+00:00,10438.98,10439.44,10438.94,10439.39,1079806,2026-02-13,14:39:00,FTSE100
2026-02-13 14:40:00+00:00,10439.39,10439.68,10438.78,10439.07,1085212,2026-02-13,14:40:00,FTSE100
2026-02-13 14:41:00+00:00,10439.07,10439.11,10439.0,10439.05,1090725,2026-02-13,14:41:00,FTSE100
2026-02-13 14:42:00+00:00,10439.05,10439.32,10439.0,10439.27,1096348,2026-02-13,14:42:00,FTSE100
2026-02-13 14:43:00+00:00,10439.27,10440.02,10439.1,10439.85,1102083,2026-02-13,14:43:00,FTSE100
2026-02-13 14:44:00+00:00,10439.85,10440.15,10439.41,10439.71,1107932,2026-02-13,14:44:00,FTSE100
2026-02-13 14:45:00+00:00,10439.71,10440.35,10439.48,10440.12,1113898,2026-02-13,14:45:00,FTSE100
2026-02-13 14:46:00+00:00,10440.12,10440.23,10439.94,10440.05,1119983,2026-02-13,14:46:00,FTSE100
2026-02-13 14:47:00+00:00,10440.05,10440.08,10440.05,10440.08,1126189,2026-02-13,14:47:00,FTSE100
2026-02-13 14:48:00+00:00,10440.08,10440.86,10439.89,10440.67,1132518,2026-02-13,14:48:00,FTSE100
2026-02-13 14:49:00+00:00,10440.67,10440.67,10439.56,10439.57,1138973,2026-02-13,14:49:00,FTSE100
2026-02-13 14:50:00+00:00,10439.57,10439.64,10438.81,10438.88,1145557,2026-02-13,14:50:00,FTSE100
2026-02-13 14:51:00+00:00,10438.88,10438.9,10438.07,10438.09,1152272,2026-02-13,14:51:00,FTSE100
2026-02-13 14:52:00+00:00,10438.09,10438.1,10436.78,10436.78,1159120,2026-02-13,14:52:00,FTSE100
2026-02-13 14:53:00+00:00,10436.78,10436.81,10436.44,10436.47,1166105,2026-02-13,14:53:00,FTSE100
2026-02-13 14:54:00+00:00,10436.47,10437.19,10436.3,10437.02,1173228,2026-02-13,14:54:00,FTSE100
2026-02-13 14:55:00+00:00,10437.02,10437.14,10436.82,10436.94,1180493,2026-02-13,14:55:00,FTSE100
2026-02-13 14:56:00+00:00,10436.94,10437.3,10436.79,10437.15,1187902,2026-02-13,14:56:00,FTSE100
2026-02-13 14:57:00+00:00,10437.15,10437.97,10437.09,10437.9,1195459,2026-02-13,14:57:00,FTSE100
2026-02-13 14:58:00+00:00,10437.9,10438.9,10437.8,10438.79,1203166,2026-02-13,14:58:00,FTSE100
2026-02-13 14:59:00+00:00,10438.79,10439.16,10438.47,10438.85,1211025,2026-02-13,14:59:00,FTSE100
2026-02-13 15:00:00+00:00,10438.85,10439.92,10438.67,10439.75,1219041,2026-02-13,15:00:00,FTSE100
2026-02-13 15:01:00+00:00,10439.75,10440.25,10439.4,10439.9,1227217,2026-02-13,15:01:00,FTSE100
2026-02-13 15:02:00+00:00,10439.9,10439.92,10439.48,10439.49,1235554,2026-02-13,15:02:00,FTSE100
2026-02-13 15:03:00+00:00,10439.49,10439.65,10439.08,10439.23,1244057,2026-02-13,15:03:00,FTSE100
2026-02-13 15:04:00+00:00,10439.23,10439.37,10438.3,10438.44,1252730,2026-02-13,15:04:00,FTSE100
2026-02-13 15:05:00+00:00,10438.44,10438.54,10437.9,10438.0,1261574,2026-02-13,15:05:00,FTSE100
2026-02-13 15:06:00+00:00,10438.0,10438.01,10437.87,10437.88,1270594,2026-02-13,15:06:00,FTSE100
2026-02-13 15:07:00+00:00,10437.88,10438.48,10437.86,10438.46,1279792,2026-02-13,15:07:00,FTSE100
2026-02-13 15:08:00+00:00,10438.46,10439.78,10438.26,10439.58,1289174,2026-02-13,15:08:00,FTSE100
2026-02-13 15:09:00+00:00,10439.58,10439.75,10438.69,10438.85,1298741,2026-02-13,15:09:00,FTSE100
2026-02-13 15:10:00+00:00,10438.85,10439.49,10438.54,10439.18,1308499,2026-02-13,15:10:00,FTSE100
2026-02-13 15:11:00+00:00,10439.18,10439.19,10438.64,10438.65,1318450,2026-02-13,15:11:00,FTSE100
2026-02-13 15:12:00+00:00,10438.65,10439.07,10438.61,10439.03,1328599,2026-02-13,15:12:00,FTSE100
2026-02-13 15:13:00+00:00,10439.03,10439.17,10438.9,10439.04,1338948,2026-02-13,15:13:00,FTSE100
2026-02-13 15:14:00+00:00,10439.04,10439.19,10437.89,10438.04,1349504,2026-02-13,15:14:00,FTSE100
2026-02-13 15:15:00+00:00,10438.04,10438.71,10438.03,10438.69,1360268,2026-02-13,15:15:00,FTSE100
2026-02-13 15:16:00+00:00,10438.69,10438.75,10438.36,10438.42,1371246,2026-02-13,15:16:00,FTSE100
2026-02-13 15:17:00+00:00,10438.42,10438.74,10437.88,10438.2,1382442,2026-02-13,15:17:00,FTSE100
2026-02-13 15:18:00+00:00,10438.2,10438.34,10437.51,10437.65,1393860,2026-02-13,15:18:00,FTSE100
2026-02-13 15:19:00+00:00,10437.65,10437.85,10437.15,10437.35,1405504,2026-02-13,15:19:00,FTSE100
2026-02-13 15:20:00+00:00,10437.35,10437.77,10437.28,10437.7,1417380,2026-02-13,15:20:00,FTSE100
2026-02-13 15:21:00+00:00,10437.7,10437.73,10437.66,10437.69,1429491,2026-02-13,15:21:00,FTSE100
2026-02-13 15:22:00+00:00,10437.69,10438.18,10437.48,10437.98,1441841,2026-02-13,15:22:00,FTSE100
2026-02-13 15:23:00+00:00,10437.98,10438.36,10437.91,10438.29,1454437,2026-02-13,15:23:00,FTSE100
2026-02-13 15:24:00+00:00,10438.29,10439.42,10438.05,10439.18,1467283,2026-02-13,15:24:00,FTSE100
2026-02-13 15:25:00+00:00,10439.18,10439.29,10438.95,10439.06,1480383,2026-02-13,15:25:00,FTSE100
2026-02-13 15:26:00+00:00,10439.06,10439.13,10438.21,10438.27,1493743,2026-02-13,15:26:00,FTSE100
2026-02-13 15:27:00+00:00,10438.27,10439.17,10438.11,10439.01,1507368,2026-02-13,15:27:00,FTSE100
2026-02-13 15:28:00+00:00,10439.01,10439.14,10438.77,10438.9,1521262,2026-02-13,15:28:00,FTSE100
2026-02-13 15:29:00+00:00,10438.9,10439.69,10438.88,10439.67,1535433,2026-02-13,15:29:00,FTSE100
2026-02-13 15:30:00+00:00,10439.67,10440.26,10439.4,10439.99,1549884,2026-02-13,15:30:00,FTSE100
2026-02-13 15:31:00+00:00,10439.99,10440.23,10439.77,10440.01,1564621,2026-02-13,15:31:00,FTSE100
2026-02-13 15:32:00+00:00,10440.01,10440.34,10439.98,10440.31,1579651,2026-02-13,15:32:00,FTSE100
2026-02-13 15:33:00+00:00,10440.31,10441.58,10440.3,10441.58,1594978,2026-02-13,15:33:00,FTSE100
2026-02-13 15:34:00+00:00,10441.58,10443.07,10441.42,10442.92,1610610,2026-02-13,15:34:00,FTSE100
2026-02-13 15:35:00+00:00,10442.92,10443.17,10442.8,10443.05,1626551,2026-02-13,15:35:00,FTSE100
2026-02-13 15:36:00+00:00,10443.05,10443.25,10443.04,10443.24,1642808,2026-02-13,15:36:00,FTSE100
2026-02-13 15:37:00+00:00,10443.24,10444.0,10443.23,10443.98,1659387,2026-02-13,15:37:00,FTSE100
2026-02-13 15:38:00+00:00,10443.98,10444.06,10443.5,10443.57,1676294,2026-02-13,15:38:00,FTSE100
2026-02-13 15:39:00+00:00,10443.57,10444.23,10443.21,10443.87,1693537,2026-02-13,15:39:00,FTSE100
2026-02-13 15:40:00+00:00,10443.87,10444.11,10443.7,10443.95,1711121,2026-02-13,15:40:00,FTSE100
2026-02-13 15:41:00+00:00,10443.95,10444.24,10443.93,10444.23,1729054,2026-02-13,15:41:00,FTSE100
2026-02-13 15:42:00+00:00,10444.23,10444.54,10443.51,10443.82,1747342,2026-02-13,15:42:00,FTSE100
2026-02-13 15:43:00+00:00,10443.82,10443.96,10442.83,10442.96,1765992,2026-02-13,15:43:00,FTSE100
2026-02-13 15:44:00+00:00,10442.96,10443.21,10441.57,10441.81,1785012,2026-02-13,15:44:00,FTSE100
2026-02-13 15:45:00+00:00,10441.81,10441.83,10441.23,10441.24,1804409,2026-02-13,15:45:00,FTSE100
2026-02-13 15:46:00+00:00,10441.24,10441.39,10440.9,10441.06,1824190,2026-02-13,15:46:00,FTSE100
2026-02-13 15:47:00+00:00,10441.06,10441.14,10440.89,10440.98,1844363,2026-02-13,15:47:00,FTSE100
2026-02-13 15:48:00+00:00,10440.98,10442.28,10440.93,10442.23,1864936,2026-02-13,15:48:00,FTSE100
2026-02-13 15:49:00+00:00,10442.23,10443.13,10442.1,10442.99,1885916,2026-02-13,15:49:00,FTSE100
2026-02-13 15:50:00+00:00,10442.99,10443.01,10442.49,10442.51,1907312,2026-02-13,15:50:00,FTSE100
2026-02-13 15:51:00+00:00,10442.51,10442.91,10442.41,10442.81,1929131,2026-02-13,15:51:00,FTSE100
2026-02-13 15:52:00+00:00,10442.81,10442.87,10442.6,10442.66,1951383,2026-02-13,15:52:00,FTSE100
2026-02-13 15:53:00+00:00,10442.66,10442.83,10442.42,10442.59,1974076,2026-02-13,15:53:00,FTSE100
2026-02-13 15:54:00+00:00,10442.59,10442.94,10442.44,10442.79,1997218,2026-02-13,15:54:00,FTSE100
2026-02-13 15:55:00+00:00,10442.79,10443.47,10442.58,10443.26,2020818,2026-02-13,15:55:00,FTSE100
2026-02-13 15:56:00+00:00,10443.26,10443.5,10442.91,10443.15,2044886,2026-02-13,15:56:00,FTSE100
2026-02-13 15:57:00+00:00,10443.15,10443.99,10443.04,10443.88,2069431,2026-02-13,15:57:00,FTSE100
2026-02-13 15:58:00+00:00,10443.88,10443.89,10443.29,10443.29,2094462,2026-02-13,15:58:00,FTSE100
2026-02-13 15:59:00+00:00,10443.29,10443.58,10443.11,10443.39,2119989,2026-02-13,15:59:00,FTSE100
2026-02-13 16:00:00+00:00,10443.39,10445.09,10443.35,10445.04,2146022,2026-02-13,16:00:00,FTSE100
2026-02-13 16:01:00+00:00,10445.04,10445.28,10445.03,10445.27,2172570,2026-02-13,16:01:00,FTSE100
2026-02-13 16:02:00+00:00,10445.27,10446.32,10445.18,10446.23,2199644,2026-02-13,16:02:00,FTSE100
2026-02-13 16:03:00+00:00,10446.23,10446.54,10446.06,10446.38,2227254,2026-02-13,16:03:00,FTSE100
2026-02-13 16:04:00+00:00,10446.38,10446.92,10446.27,10446.82,2255411,2026-02-13,16:04:00,FTSE100
2026-02-13 16:05:00+00:00,10446.82,10446.99,10446.7,10446.88,2284125,2026-02-13,16:05:00,FTSE100
2026-02-13 16:06:00+00:00,10446.88,10446.91,10446.84,10446.87,2313409,2026-02-13,16:06:00,FTSE100
2026-02-13 16:07:00+00:00,10446.87,10446.94,10446.43,10446.5,2343272,2026-02-13,16:07:00,FTSE100
2026-02-13 16:08:00+00:00,10446.5,10446.86,10446.48,10446.85,2373727,2026-02-13,16:08:00,FTSE100
2026-02-13 16:09:00+00:00,10446.85,10447.04,10446.24,10446.43,2404785,2026-02-13,16:09:00,FTSE100
2026-02-13 16:10:00+00:00,10446.43,10446.99,10446.37,10446.93,2436458,2026-02-13,16:10:00,FTSE100
2026-02-13 16:11:00+00:00,10446.93,10447.87,10446.73,10447.67,2468759,2026-02-13,16:11:00,FTSE100
2026-02-13 16:12:00+00:00,10447.67,10448.07,10447.6,10447.99,2501699,2026-02-13,16:12:00,FTSE100
2026-02-13 16:13:00+00:00,10447.99,10448.1,10447.8,10447.91,2535292,2026-02-13,16:13:00,FTSE100
2026-02-13 16:14:00+00:00,10447.91,10448.42,10447.77,10448.28,2569549,2026-02-13,16:14:00,FTSE100
2026-02-13 16:15:00+00:00,10448.28,10448.32,10448.15,10448.19,2604486,2026-02-13,16:15:00,FTSE100
2026-02-13 16:16:00+00:00,10448.19,10448.91,10448.12,10448.84,2640114,2026-02-13,16:16:00,FTSE100
2026-02-13 16:17:00+00:00,10448.84,10448.92,10447.76,10447.84,2676448,2026-02-13,16:17:00,FTSE100
2026-02-13 16:18:00+00:00,10447.84,10447.93,10447.64,10447.73,2713501,2026-02-13,16:18:00,FTSE100
2026-02-13 16:19:00+00:00,10447.73,10447.82,10446.54,10446.63,2751289,2026-02-13,16:19:00,FTSE100
2026-02-13 16:20:00+00:00,10446.63,10446.72,10445.75,10445.83,2789824,2026-02-13,16:20:00,FTSE100
2026-02-13 16:21:00+00:00,10445.83,10446.87,10445.7,10446.74,2829123,2026-02-13,16:21:00,FTSE100
2026-02-13 16:22:00+00:00,10446.74,10447.65,10446.47,10447.37,2869200,2026-02-13,16:22:00,FTSE100
2026-02-13 16:23:00+00:00,10447.37,10447.4,10447.01,10447.04,2910070,2026-02-13,16:23:00,FTSE100
2026-02-13 16:24:00+00:00,10447.04,10447.11,10446.16,10446.23,2951751,2026-02-13,16:24:00,FTSE100
2026-02-13 16:25:00+00:00,10446.23,10446.26,10444.52,10444.55,2994256,2026-02-13,16:25:00,FTSE100
2026-02-13 16:26:00+00:00,10444.55,10444.79,10444.07,10444.32,3037603,2026-02-13,16:26:00,FTSE100
2026-02-13 16:27:00+00:00,10444.32,10446.02,10444.16,10445.86,3081809,2026-02-13,16:27:00,FTSE100
2026-02-13 16:28:00+00:00,10445.86,10446.29,10445.79,10446.22,3126890,2026-02-13,16:28:00,FTSE100
2026-02-13 16:29:00+00:00,10446.22,10446.28,10445.91,10445.98,3172864,2026-02-13,16:29:00,FTSE100
2026-02-13 16:30:00+00:00,10445.98,10446.36,10445.97,10446.35,3219748,2026-02-13,16:30:00,FTSE100
