date,sector,sector_return,ret_5d,ret_20d,run_id
2025-11-03,Communication Services,-0.006634743129134861,,,v2_20260217T141158Z_c04a438c
2025-11-04,Communication Services,0.0005520121041305995,,,v2_20260217T141158Z_c04a438c
2025-11-05,Communication Services,-0.005325609665262054,-0.011379589392818912,,v2_20260217T141158Z_c04a438c
2025-11-06,Communication Services,0.0004184606430958716,-0.010965890660018518,,v2_20260217T141158Z_c04a438c
2025-11-07,Communication Services,-0.009212407079714826,-0.020077275490981594,,v2_20260217T141158Z_c04a438c
2025-11-10,Communication Services,-0.010228880737497018,-0.02362277609419461,,v2_20260217T141158Z_c04a438c
2025-11-11,Communication Services,-0.0015341386625347677,-0.02565852243178124,,v2_20260217T141158Z_c04a438c
2025-11-12,Communication Services,-0.0069474460398795315,-0.027247205587770496,,v2_20260217T141158Z_c04a438c
2025-11-13,Communication Services,-0.0053860597381537225,-0.032891207216302676,,v2_20260217T141158Z_c04a438c
2025-11-14,Communication Services,0.005483940214343064,-0.018546087443461645,-0.038251008027560984,v2_20260217T141158Z_c04a438c
2025-11-17,Communication Services,-0.0018345498872896818,-0.010222295512283819,-0.04001538453238496,v2_20260217T141158Z_c04a438c
2025-11-18,Communication Services,0.010626703198285703,0.00183272870809148,-0.029813912948890242,v2_20260217T141158Z_c04a438c
2025-11-19,Communication Services,0.009764253019835547,0.018692185947869255,-0.02034077051859895,v2_20260217T141158Z_c04a438c
2025-11-20,Communication Services,-0.0037716665641833154,0.020345661376675706,-0.02403571847872754,v2_20260217T141158Z_c04a438c
2025-11-21,Communication Services,0.005884501940102816,0.02075214367106737,-0.018292654770644567,v2_20260217T141158Z_c04a438c
2025-11-24,Communication Services,0.002620440007149236,0.025307941995150962,-0.01572014956789336,v2_20260217T141158Z_c04a438c
2025-11-25,Communication Services,-0.0008816487015882263,0.013632409808168378,-0.016587938620026277,v2_20260217T141158Z_c04a438c
2025-11-26,Communication Services,-0.016715102082869936,-0.012948381146405286,-0.03302577161551812,v2_20260217T141158Z_c04a438c
2025-11-27,Communication Services,0.002155270481893942,-0.007076039826823033,-0.03094168060432889,v2_20260217T141158Z_c04a438c
2025-11-28,Communication Services,0.0014219279829862889,-0.011481114760892974,-0.029563749462834465,v2_20260217T141158Z_c04a438c
2025-12-01,Communication Services,0.004444621015388788,-0.009682590309579742,-0.0187401208686393,v2_20260217T141158Z_c04a438c
2025-12-02,Communication Services,0.001518622808111088,-0.0073034620902352465,-0.017792147858660567,v2_20260217T141158Z_c04a438c
2025-12-03,Communication Services,0.014515933555348345,0.02422650548993288,0.001800715634413752,v2_20260217T141158Z_c04a438c
2025-12-04,Communication Services,0.008969095322845351,0.031190396427224876,0.010363164527845026,v2_20260217T141158Z_c04a438c
2025-12-05,Communication Services,-0.010951799013582939,0.018448845548091786,0.008589406407320421,v2_20260217T141158Z_c04a438c
2025-12-08,Communication Services,0.0033208137331657743,0.017309369856498558,0.022396718054632725,v2_20260217T141158Z_c04a438c
2025-12-09,Communication Services,-0.006590981462937969,0.009071903050704488,0.017218674735330453,v2_20260217T141158Z_c04a438c
2025-12-10,Communication Services,-0.0035525939729648664,-0.008899666301019571,0.0206961411661426,v2_20260217T141158Z_c04a438c
2025-12-11,Communication Services,-0.010327305239835712,-0.02785432915988839,0.01562531919999044,v2_20260217T141158Z_c04a438c
2025-12-12,Communication Services,0.007446623794830782,-0.009770329749498763,0.01760779853973604,v2_20260217T141158Z_c04a438c
2025-12-15,Communication Services,0.012416015802557412,-0.0007938001861136357,0.032135937915782176,v2_20260217T141158Z_c04a438c
2025-12-16,Communication Services,-0.012296445815063152,-0.006532559596468257,0.008724914011505103,v2_20260217T141158Z_c04a438c
2025-12-17,Communication Services,-0.0038931606393469154,-0.0068721077675915065,-0.004918442225138597,v2_20260217T141158Z_c04a438c
2025-12-18,Communication Services,0.0011633299833286705,0.004658644166873005,1.0873562513058488e-05,v2_20260217T141158Z_c04a438c
2025-12-19,Communication Services,0.0008744670885541861,-0.0018953249366302494,-0.004969906356863785,v2_20260217T141158Z_c04a438c
2025-12-22,Communication Services,0.00901085092969182,-0.005252354977561158,0.00137212590674185,v2_20260217T141158Z_c04a438c
2025-12-23,Communication Services,-0.008066446262087093,-0.000992187971033398,-0.005828878857124797,v2_20260217T141158Z_c04a438c
2025-12-24,Communication Services,0.010319223501307997,0.013261587048907453,0.021504751337233285,v2_20260217T141158Z_c04a438c
2025-12-25,Communication Services,-0.008636813887429555,0.0033430162878733682,0.010504294836320538,v2_20260217T141158Z_c04a438c
2025-12-26,Communication Services,-0.013594759125775586,-0.011161896716319397,-0.0046485856764725275,v2_20260217T141158Z_c04a438c
2025-12-29,Communication Services,-0.012774220294710658,-0.03251142778388871,-0.021711545338394256,v2_20260217T141158Z_c04a438c
2025-12-30,Communication Services,-0.0018938570259062857,-0.0264909544119728,-0.025044872894525616,v2_20260217T141158Z_c04a438c
2025-12-31,Communication Services,-0.0016330594068099792,-0.038007765391928405,-0.04056413973429818,v2_20260217T141158Z_c04a438c
2026-01-01,Communication Services,-0.002234434162266974,-0.03179506790134479,-0.051217655287340236,v2_20260217T141158Z_c04a438c
2026-01-02,Communication Services,0.00555474121357658,-0.012998897820827415,-0.03538312475162031,v2_20260217T141158Z_c04a438c
2026-01-05,Communication Services,-0.00653816272030773,-0.0067642594779896426,-0.04486178295299037,v2_20260217T141158Z_c04a438c
2026-01-06,Communication Services,-0.003770579317596195,-0.008631824033384916,-0.0421500360026511,v2_20260217T141158Z_c04a438c
2026-01-07,Communication Services,0.007721495058118366,0.0006571530148395954,-0.0313126493957826,v2_20260217T141158Z_c04a438c
2026-01-08,Communication Services,0.0018316611055160296,0.004735032081683022,-0.01941150575756334,v2_20260217T141158Z_c04a438c
2026-01-09,Communication Services,0.007625441367828061,0.00680404424048664,-0.019237455390518576,v2_20260217T141158Z_c04a438c
2026-01-12,Communication Services,-0.012816260646612326,0.00044163136748776033,-0.04368083762698027,v2_20260217T141158Z_c04a438c
2026-01-13,Communication Services,0.008921675272285092,0.013187550755146882,-0.023136924729828867,v2_20260217T141158Z_c04a438c
2026-01-14,Communication Services,0.005386818737526708,0.010840210746358325,-0.014036225051513695,v2_20260217T141158Z_c04a438c
2026-01-15,Communication Services,-0.021058603884087375,-0.012255885318920301,-0.03592078788596964,v2_20260217T141158Z_c04a438c
2026-01-16,Communication Services,0.005124695985057853,-0.014707288819405528,-0.031826810608514555,v2_20260217T141158Z_c04a438c
2026-01-19,Communication Services,-0.004021595274301158,-0.005929470321010766,-0.0443317950645955,v2_20260217T141158Z_c04a438c
2026-01-20,Communication Services,-0.0019225841921568486,-0.01661410423660703,-0.03841255419043088,v2_20260217T141158Z_c04a438c
2026-01-21,Communication Services,0.00271729651659601,-0.019225209188019288,-0.04564780952599423,v2_20260217T141158Z_c04a438c
2026-01-22,Communication Services,0.001041910621688284,0.0029166959119595326,-0.03633042507429618,v2_20260217T141158Z_c04a438c
2026-01-23,Communication Services,0.010460407250354672,0.008240685993893937,-0.012829706509674965,v2_20260217T141158Z_c04a438c
2026-01-26,Communication Services,-0.009431009424442973,0.0027646722493326337,-0.009486683541831353,v2_20260217T141158Z_c04a438c
2026-01-27,Communication Services,-0.004943675361321702,-0.0002706068263197414,-0.012513301196949156,v2_20260217T141158Z_c04a438c
2026-01-28,Communication Services,-0.005803137467384133,-0.00876565156721798,-0.016637933584456865,v2_20260217T141158Z_c04a438c
2026-01-29,Communication Services,0.01358124829557769,0.0036508337737775065,-0.0010505624463678087,v2_20260217T141158Z_c04a438c
2026-01-30,Communication Services,0.005257736310370031,-0.0015167759507590528,-0.0013456163791356612,v2_20260217T141158Z_c04a438c
2026-02-02,Communication Services,0.003469448392692301,0.011486751148832575,0.00871430170985299,v2_20260217T141158Z_c04a438c
2026-02-03,Communication Services,-0.013824218372136373,0.002459572107778696,-0.0014653309008730853,v2_20260217T141158Z_c04a438c
2026-02-04,Communication Services,-0.01645038042014136,-0.008276159432712205,-0.025416845084658024,v2_20260217T141158Z_c04a438c
2026-02-05,Communication Services,0.017153503594742082,-0.004780938155946046,-0.01051173659987692,v2_20260217T141158Z_c04a438c
2026-02-06,Communication Services,0.005038082255568176,-0.004998398708055074,-0.01305252345347896,v2_20260217T141158Z_c04a438c
2026-02-09,Communication Services,0.0006914559217702307,-0.0077529488952796655,0.00045196031142080706,v2_20260217T141158Z_c04a438c
2026-02-10,Communication Services,0.0028770614454366296,0.0090511502900672,-0.005541910075756995,v2_20260217T141158Z_c04a438c
2026-02-11,Communication Services,-0.0071165856268973525,0.018626952247793982,-0.017909400269640052,v2_20260217T141158Z_c04a438c
2026-02-12,Communication Services,0.0032298494608705955,0.004683128307343187,0.006457187767922479,v2_20260217T141158Z_c04a438c
2026-02-13,Communication Services,-0.004306835255989526,-0.0046584888164731275,-0.0029868468350744415,v2_20260217T141158Z_c04a438c
2025-11-03,Consumer Discretionary,-0.0021451304502743047,,,v2_20260217T141158Z_c04a438c
2025-11-04,Consumer Discretionary,-0.008638075236880831,,,v2_20260217T141158Z_c04a438c
2025-11-05,Consumer Discretionary,-0.0030781502733236146,-0.01380969087222661,,v2_20260217T141158Z_c04a438c
2025-11-06,Consumer Discretionary,-0.004216154349713459,-0.017967621433700898,,v2_20260217T141158Z_c04a438c
2025-11-07,Consumer Discretionary,-0.0018886727496905203,-0.019822359226412845,,v2_20260217T141158Z_c04a438c
2025-11-10,Consumer Discretionary,-0.009547209321777352,-0.027093308566334184,,v2_20260217T141158Z_c04a438c
2025-11-11,Consumer Discretionary,-0.0023266201958600367,-0.020899347825347303,,v2_20260217T141158Z_c04a438c
2025-11-12,Consumer Discretionary,0.002141051050226921,-0.015773446109861755,,v2_20260217T141158Z_c04a438c
2025-11-13,Consumer Discretionary,-0.008456232196671042,-0.019964312657623107,,v2_20260217T141158Z_c04a438c
2025-11-14,Consumer Discretionary,0.004131155619136152,-0.014053502438307164,-0.0335972880909986,v2_20260217T141158Z_c04a438c
2025-11-17,Consumer Discretionary,-0.001284957436904883,-0.00582884157154917,-0.03483907444271117,v2_20260217T141158Z_c04a438c
2025-11-18,Consumer Discretionary,0.006457781525093872,0.0029247234847182835,-0.028606276048904755,v2_20260217T141158Z_c04a438c
2025-11-19,Consumer Discretionary,0.00018236897446101676,0.0009645097232191535,-0.028429123971669856,v2_20260217T141158Z_c04a438c
2025-11-20,Consumer Discretionary,-0.0036154618538269527,0.005851272638024652,-0.03194180141223957,v2_20260217T141158Z_c04a438c
2025-11-21,Consumer Discretionary,0.003598901594941082,0.005318106841298187,-0.02845785521734623,v2_20260217T141158Z_c04a438c
2025-11-24,Consumer Discretionary,0.0034396435624970616,0.01007394482298074,-0.025116096533350007,v2_20260217T141158Z_c04a438c
2025-11-25,Consumer Discretionary,-0.004719180520742838,-0.0011431756087056932,-0.02971674966057558,v2_20260217T141158Z_c04a438c
2025-11-26,Consumer Discretionary,-0.011134914452873184,-0.012445460207617942,-0.04052077064816084,v2_20260217T141158Z_c04a438c
2025-11-27,Consumer Discretionary,-0.004615112610849152,-0.013436252020927797,-0.04494887533939029,v2_20260217T141158Z_c04a438c
2025-11-28,Consumer Discretionary,0.0022774385098429705,-0.014735284504899915,-0.042773805129219356,v2_20260217T141158Z_c04a438c
2025-12-01,Consumer Discretionary,-0.0013821823160928154,-0.019469774449476063,-0.04204192120335748,v2_20260217T141158Z_c04a438c
2025-12-02,Consumer Discretionary,0.0003408275866022833,-0.014484758367905748,-0.03336556165833959,v2_20260217T141158Z_c04a438c
2025-12-03,Consumer Discretionary,0.008051516271582246,0.0046366770916213,-0.022574024716387253,v2_20260217T141158Z_c04a438c
2025-12-04,Consumer Discretionary,-0.0026982422250276493,0.006571364185252282,-0.02108409620896423,v2_20260217T141158Z_c04a438c
2025-12-05,Consumer Discretionary,-0.003973473097605541,0.0002936726176703264,-0.023128802206265453,v2_20260217T141158Z_c04a438c
2025-12-08,Consumer Discretionary,-0.004488704095011182,-0.0028180624468094884,-0.01813966177834747,v2_20260217T141158Z_c04a438c
2025-12-09,Consumer Discretionary,-0.00357090300872949,-0.006717440525428775,-0.019364222810262954,v2_20260217T141158Z_c04a438c
2025-12-10,Consumer Discretionary,-0.0010708908357023982,-0.01570619530019124,-0.022507238580643407,v2_20260217T141158Z_c04a438c
2025-12-11,Consumer Discretionary,-0.003436050813452224,-0.016434380543001503,-0.017558197375956763,v2_20260217T141158Z_c04a438c
2025-12-12,Consumer Discretionary,-0.005306194648076419,-0.01775042892318801,-0.026791699749258435,v2_20260217T141158Z_c04a438c
2025-12-15,Consumer Discretionary,0.0034595931109430685,-0.009908015126926184,-0.022168322932709428,v2_20260217T141158Z_c04a438c
2025-12-16,Consumer Discretionary,-0.003915499578596706,-0.010250420123800175,-0.03224656272031523,v2_20260217T141158Z_c04a438c
2025-12-17,Consumer Discretionary,-0.010293159640797883,-0.019387942087680687,-0.042382443074949094,v2_20260217T141158Z_c04a438c
2025-12-18,Consumer Discretionary,-0.00776693005787117,-0.023649497416775245,-0.04637238740568406,v2_20260217T141158Z_c04a438c
2025-12-19,Consumer Discretionary,-0.0009288528350817128,-0.01935287884319936,-0.05067469546984604,v2_20260217T141158Z_c04a438c
2025-12-22,Consumer Discretionary,0.0033011425061410097,-0.019507727260127616,-0.05080572732447364,v2_20260217T141158Z_c04a438c
2025-12-23,Consumer Discretionary,-0.007777687403661643,-0.02330945825458064,-0.05372260983580768,v2_20260217T141158Z_c04a438c
2025-12-24,Consumer Discretionary,0.005785049656693434,-0.007442704273812217,-0.03753134197401076,v2_20260217T141158Z_c04a438c
2025-12-25,Consumer Discretionary,-0.0006394968872570793,-0.00031294211651333725,-0.03368719527378372,v2_20260217T141158Z_c04a438c
2025-12-26,Consumer Discretionary,-0.009023871005679803,-0.008412950730957713,-0.04458298088705703,v2_20260217T141158Z_c04a438c
2025-12-29,Consumer Discretionary,-0.006745090410449111,-0.018341888346983803,-0.04971388639920826,v2_20260217T141158Z_c04a438c
2025-12-30,Consumer Discretionary,0.004949941300807935,-0.0057497708333624775,-0.04533540194887986,v2_20260217T141158Z_c04a438c
2025-12-31,Consumer Discretionary,-0.009407104162997029,-0.02076769381990684,-0.06186940501387228,v2_20260217T141158Z_c04a438c
2026-01-01,Consumer Discretionary,-0.004591746484362704,-0.024640340853203213,-0.06365056529316604,v2_20260217T141158Z_c04a438c
2026-01-02,Consumer Discretionary,0.007482548839165827,-0.00839404029908064,-0.052880932783633594,v2_20260217T141158Z_c04a438c
2026-01-05,Consumer Discretionary,-0.0038830745667428755,-0.005536775824495521,-0.052304743165040524,v2_20260217T141158Z_c04a438c
2026-01-06,Consumer Discretionary,-0.00033875555750130645,-0.010770284791711382,-0.04923067515742319,v2_20260217T141158Z_c04a438c
2026-01-07,Consumer Discretionary,0.002617389973173535,0.0012376621255711928,-0.04572021157966344,v2_20260217T141158Z_c04a438c
2026-01-08,Consumer Discretionary,0.0046305907031804925,0.010514008079482329,-0.03799583727730371,v2_20260217T141158Z_c04a438c
2026-01-09,Consumer Discretionary,0.004227549450473461,0.007249214577744745,-0.028775410388354516,v2_20260217T141158Z_c04a438c
2026-01-12,Consumer Discretionary,-0.01078245102647441,0.0002727328588760791,-0.04255994498003812,v2_20260217T141158Z_c04a438c
2026-01-13,Consumer Discretionary,0.01599830821619989,0.016619789943121743,-0.023418720292131656,v2_20260217T141158Z_c04a438c
2026-01-14,Consumer Discretionary,0.0038735725396210905,0.017893516161720857,-0.009439868294896736,v2_20260217T141158Z_c04a438c
2026-01-15,Consumer Discretionary,-0.007708481209843591,0.005391546371084521,-0.00938151799358744,v2_20260217T141158Z_c04a438c
2026-01-16,Consumer Discretionary,0.0005193711024103921,0.001679069885432094,-0.007945546789099422,v2_20260217T141158Z_c04a438c
2026-01-19,Consumer Discretionary,-0.0014144675725678594,0.011165065117268114,-0.012608296366463434,v2_20260217T141158Z_c04a438c
2026-01-20,Consumer Discretionary,-0.0026289507544695863,-0.007373581431368792,-0.007484626210020995,v2_20260217T141158Z_c04a438c
2026-01-21,Consumer Discretionary,-0.004408598280698482,-0.015562960835539652,-0.017543785765352315,v2_20260217T141158Z_c04a438c
2026-01-22,Consumer Discretionary,0.009912406662636618,0.0019184489680863503,-0.007170368782884462,v2_20260217T141158Z_c04a438c
2026-01-23,Consumer Discretionary,0.006245972618214358,0.007653058286295922,0.008128035255605681,v2_20260217T141158Z_c04a438c
2026-01-26,Consumer Discretionary,-0.006743882378878809,0.0022752504230063586,0.008129261376394581,v2_20260217T141158Z_c04a438c
2026-01-27,Consumer Discretionary,-0.0028464296701332294,0.002056702135662558,0.00030822533734831126,v2_20260217T141158Z_c04a438c
2026-01-28,Consumer Discretionary,-0.003485140055594023,0.002986157233416886,0.0062882696438262276,v2_20260217T141158Z_c04a438c
2026-01-29,Consumer Discretionary,0.01134384577833132,0.004407779156756497,0.022398041194483964,v2_20260217T141158Z_c04a438c
2026-01-30,Consumer Discretionary,0.007617068208655829,0.005776370052503088,0.022534552084948256,v2_20260217T141158Z_c04a438c
2026-02-02,Consumer Discretionary,-0.00035580617698039043,0.012244969621113766,0.02615536577751776,v2_20260217T141158Z_c04a438c
2026-02-03,Consumer Discretionary,-0.0051914823097679134,0.009864425832676549,0.021174026725739203,v2_20260217T141158Z_c04a438c
2026-02-04,Consumer Discretionary,-0.006416650323922296,0.006893644309044378,0.011972782661905157,v2_20260217T141158Z_c04a438c
2026-02-05,Consumer Discretionary,0.010512296779993987,0.006065754363550058,0.017897474305214933,v2_20260217T141158Z_c04a438c
2026-02-06,Consumer Discretionary,-0.002992442581790739,-0.004527422165103934,0.010579201013302564,v2_20260217T141158Z_c04a438c
2026-02-09,Consumer Discretionary,0.0013954555405923709,-0.002783468639211306,0.02302008330591021,v2_20260217T141158Z_c04a438c
2026-02-10,Consumer Discretionary,0.0034162005865792902,0.005845049842796657,0.010351018120144717,v2_20260217T141158Z_c04a438c
2026-02-11,Consumer Discretionary,-0.0079807411316086,0.004261656766685995,-0.0015797849356053995,v2_20260217T141158Z_c04a438c
2026-02-12,Consumer Discretionary,0.010039576140023786,0.0037918601945936548,0.016277889851169958,v2_20260217T141158Z_c04a438c
2026-02-13,Consumer Discretionary,0.004243732632017816,0.01107727515912238,0.02006091133548371,v2_20260217T141158Z_c04a438c
2025-11-03,Consumer Staples,-0.0018476027133585984,,,v2_20260217T141158Z_c04a438c
2025-11-04,Consumer Staples,-0.010258010729524628,,,v2_20260217T141158Z_c04a438c
2025-11-05,Consumer Staples,0.01236667611083918,0.00013054357809672013,,v2_20260217T141158Z_c04a438c
2025-11-06,Consumer Staples,-0.005316357230553627,-0.005186507668752283,,v2_20260217T141158Z_c04a438c
2025-11-07,Consumer Staples,-0.009729194943301163,-0.014865242067869211,,v2_20260217T141158Z_c04a438c
2025-11-10,Consumer Staples,-0.0013505522346324598,-0.01437467398991743,,v2_20260217T141158Z_c04a438c
2025-11-11,Consumer Staples,0.003185278995221311,-0.0009872993395126928,,v2_20260217T141158Z_c04a438c
2025-11-12,Consumer Staples,-0.010600830710055388,-0.023651845257525395,,v2_20260217T141158Z_c04a438c
2025-11-13,Consumer Staples,-0.011053544547676757,-0.029283276206655162,,v2_20260217T141158Z_c04a438c
2025-11-14,Consumer Staples,0.0028364629502232734,-0.01696574225490788,-0.03157878445729678,v2_20260217T141158Z_c04a438c
2025-11-17,Consumer Staples,0.009470340302013498,-0.006314048523234694,-0.022407505990417742,v2_20260217T141158Z_c04a438c
2025-11-18,Consumer Staples,0.004791330919295238,-0.0047232045707666925,-0.01772353684739869,v2_20260217T141158Z_c04a438c
2025-11-19,Consumer Staples,-0.0010695995637818206,0.004864647821070545,-0.01877417932389991,v2_20260217T141158Z_c04a438c
2025-11-20,Consumer Staples,-0.009405901733706576,0.006538811277410073,-0.028003492971754862,v2_20260217T141158Z_c04a438c
2025-11-21,Consumer Staples,-0.003603304321781015,7.526918022993101e-05,-0.031505892186285744,v2_20260217T141158Z_c04a438c
2025-11-24,Consumer Staples,-0.002553811913603747,-0.011836975076594869,-0.03397924397707541,v2_20260217T141158Z_c04a438c
2025-11-25,Consumer Staples,-0.006571595881505182,-0.023011856640500428,-0.04032754199880417,v2_20260217T141158Z_c04a438c
2025-11-26,Consumer Staples,-0.019627818520653654,-0.041162430368976044,-0.05916381884372124,v2_20260217T141158Z_c04a438c
2025-11-27,Consumer Staples,-0.002340726628572654,-0.034323751096930644,-0.0613660591460784,v2_20260217T141158Z_c04a438c
2025-11-28,Consumer Staples,-0.004424323699004105,-0.03511945718057419,-0.06551887953528801,v2_20260217T141158Z_c04a438c
2025-12-01,Consumer Staples,0.0018951955017495544,-0.030815705518372316,-0.062014831176304686,v2_20260217T141158Z_c04a438c
2025-12-02,Consumer Staples,-0.011690938096381836,-0.035810112817545425,-0.06337282612113293,v2_20260217T141158Z_c04a438c
2025-12-03,Consumer Staples,0.011128837536004643,-0.005561134629863629,-0.06451805667190513,v2_20260217T141158Z_c04a438c
2025-12-04,Consumer Staples,-0.000951991189555421,-0.004176881978546487,-0.06041344948839833,v2_20260217T141158Z_c04a438c
2025-12-05,Consumer Staples,-0.0017446891648504068,-0.0014965814444136694,-0.05283760841178997,v2_20260217T141158Z_c04a438c
2025-12-08,Consumer Staples,-0.0007328649165253262,-0.004115744929377052,-0.052251767004896754,v2_20260217T141158Z_c04a438c
2025-12-09,Consumer Staples,-0.004188258471666675,0.0034444412483165543,-0.05921783523923696,v2_20260217T141158Z_c04a438c
2025-12-10,Consumer Staples,-0.008187851282246644,-0.01572544422862454,-0.05692342457054189,v2_20260217T141158Z_c04a438c
2025-12-11,Consumer Staples,-0.0128472971545356,-0.027444847992199595,-0.05863397831823747,v2_20260217T141158Z_c04a438c
2025-12-12,Consumer Staples,-0.004840312703420353,-0.030460774467556018,-0.06584019391111051,v2_20260217T141158Z_c04a438c
2025-12-15,Consumer Staples,0.011087966765242119,-0.018991609124764275,-0.06434324886687914,v2_20260217T141158Z_c04a438c
2025-12-16,Consumer Staples,-0.011267447720521984,-0.025965561895257117,-0.07929710464462592,v2_20260217T141158Z_c04a438c
2025-12-17,Consumer Staples,-0.008440726053434423,-0.02621390401930046,-0.0860909888812954,v2_20260217T141158Z_c04a438c
2025-12-18,Consumer Staples,0.0057813366718343,-0.007837512448933381,-0.07207944363069918,v2_20260217T141158Z_c04a438c
2025-12-19,Consumer Staples,-0.014532726919110752,-0.017500735267713785,-0.08225775508164801,v2_20260217T141158Z_c04a438c
2025-12-22,Consumer Staples,0.014033318849990414,-0.014638663565979537,-0.0669960689821304,v2_20260217T141158Z_c04a438c
2025-12-23,Consumer Staples,0.0023844411136062253,-0.001033322672294612,-0.05858477563865594,v2_20260217T141158Z_c04a438c
2025-12-24,Consumer Staples,-0.0037369239668535413,0.0037056189771906833,-0.043325336066335374,v2_20260217T141158Z_c04a438c
2025-12-25,Consumer Staples,0.0016824400560463753,-0.00038481839211512714,-0.039467444160063425,v2_20260217T141158Z_c04a438c
2025-12-26,Consumer Staples,-0.009462012890360177,0.004758693587622709,-0.044327812477295225,v2_20260217T141158Z_c04a438c
2025-12-29,Consumer Staples,-0.005559657714995449,-0.014655080270670306,-0.0514387317763344,v2_20260217T141158Z_c04a438c
2025-12-30,Consumer Staples,-0.011485416883690381,-0.028289164714180415,-0.05124147621157982,v2_20260217T141158Z_c04a438c
2025-12-31,Consumer Staples,0.008307625431495444,-0.016541445223147377,-0.05388866510799273,v2_20260217T141158Z_c04a438c
2026-01-01,Consumer Staples,-0.014670202733824677,-0.032596579866427056,-0.06687998816956742,v2_20260217T141158Z_c04a438c
2026-01-02,Consumer Staples,-0.003885057911082648,-0.027149877780193066,-0.06888069969910071,v2_20260217T141158Z_c04a438c
2026-01-05,Consumer Staples,-0.004045738021050934,-0.025668826683753476,-0.07196764209795592,v2_20260217T141158Z_c04a438c
2026-01-06,Consumer Staples,0.010322717852539366,-0.004173599533534134,-0.05844434747105609,v2_20260217T141158Z_c04a438c
2026-01-07,Consumer Staples,5.545598691991487e-05,-0.0123236204068905,-0.05061874000612321,v2_20260217T141158Z_c04a438c
2026-01-08,Consumer Staples,0.011519394844935525,0.013928348214538255,-0.027184391211191428,v2_20260217T141158Z_c04a438c
2026-01-09,Consumer Staples,0.0014342994951167753,0.019342831062391097,-0.02105066135481437,v2_20260217T141158Z_c04a438c
2026-01-12,Consumer Staples,-0.008882475129689121,0.014392510063084174,-0.04038631910973878,v2_20260217T141158Z_c04a438c
2026-01-13,Consumer Staples,0.01894967728281402,0.023054220698760286,-0.011059109761243358,v2_20260217T141158Z_c04a438c
2026-01-14,Consumer Staples,0.02170789504466523,0.04520461149342725,0.01900989869001779,v2_20260217T141158Z_c04a438c
2026-01-15,Consumer Staples,-0.01430854924306269,0.01851655548209541,-0.001344219908538613,v2_20260217T141158Z_c04a438c
2026-01-16,Consumer Staples,0.005888367924933243,0.023046600475866263,0.019350170416614798,v2_20260217T141158Z_c04a438c
2026-01-19,Consumer Staples,0.009324900548909845,0.041840530886908756,0.014617064602062024,v2_20260217T141158Z_c04a438c
2026-01-20,Consumer Staples,-0.006741051260303912,0.01557265636771965,0.005380209054724139,v2_20260217T141158Z_c04a438c
2026-01-21,Consumer Staples,0.00989941472559859,0.0038350846180408293,0.019141338394122354,v2_20260217T141158Z_c04a438c
2026-01-22,Consumer Staples,0.020367852566552755,0.039149775354247573,0.03815242968702526,v2_20260217T141158Z_c04a438c
2026-01-23,Consumer Staples,0.0002299249415445445,0.033304226342508736,0.04831025194069505,v2_20260217T141158Z_c04a438c
2026-01-26,Consumer Staples,0.004178963945571945,0.028036033674490923,0.058576425277032884,v2_20260217T141158Z_c04a438c
2026-01-27,Consumer Staples,5.404145257480129e-06,0.035018703465984125,0.07088166837215693,v2_20260217T141158Z_c04a438c
2026-01-28,Consumer Staples,0.0022075756591707625,0.02713554482491709,0.06440305875681762,v2_20260217T141158Z_c04a438c
2026-01-29,Consumer Staples,0.01986794146785334,0.026632318015648915,0.101712908143337,v2_20260217T141158Z_c04a438c
2026-01-30,Consumer Staples,0.008237429243567447,0.03485119099486589,0.11512049798339286,v2_20260217T141158Z_c04a438c
2026-02-02,Consumer Staples,0.002134450471079576,0.03274422871020444,0.12204014794330398,v2_20260217T141158Z_c04a438c
2026-02-03,Consumer Staples,-0.001434925533617416,0.03125674458548655,0.10898239155383216,v2_20260217T141158Z_c04a438c
2026-02-04,Consumer Staples,0.004185715068460143,0.033292220725465116,0.11356252215215257,v2_20260217T141158Z_c04a438c
2026-02-05,Consumer Staples,0.016502322708196987,0.029882301126193056,0.11904813295447103,v2_20260217T141158Z_c04a438c
2026-02-06,Consumer Staples,-0.012638046626025343,0.008558669903921734,0.10332305477301418,v2_20260217T141158Z_c04a438c
2026-02-09,Consumer Staples,-0.008626047003764542,-0.002270808132315616,0.10360851341553112,v2_20260217T141158Z_c04a438c
2026-02-10,Consumer Staples,0.008202482940667135,0.007358533023928082,0.0919683947367047,v2_20260217T141158Z_c04a438c
2026-02-11,Consumer Staples,-0.009414412826131185,-0.006284565736841774,0.05870587740567301,v2_20260217T141158Z_c04a438c
2026-02-12,Consumer Staples,0.003945179574476169,-0.01856021593799928,0.07831173882291154,v2_20260217T141158Z_c04a438c
2026-02-13,Consumer Staples,-0.00846768729495845,-0.014414870305268668,0.06292205607040713,v2_20260217T141158Z_c04a438c
2025-11-03,Energy,0.016572887585513677,,,v2_20260217T141158Z_c04a438c
2025-11-04,Energy,-0.0015830270187181961,,,v2_20260217T141158Z_c04a438c
2025-11-05,Energy,-0.008969558848203872,0.005859849272611406,,v2_20260217T141158Z_c04a438c
2025-11-06,Energy,-0.008735297741664632,-0.00292663599717069,,v2_20260217T141158Z_c04a438c
2025-11-07,Energy,-0.000770696949249944,-0.003695077396986046,,v2_20260217T141158Z_c04a438c
2025-11-10,Energy,-0.012132168754936827,-0.03182782546143026,,v2_20260217T141158Z_c04a438c
2025-11-11,Energy,0.01307053801794241,-0.01761815724643312,,v2_20260217T141158Z_c04a438c
2025-11-12,Energy,-0.024236100812693655,-0.03275147001341494,,v2_20260217T141158Z_c04a438c
2025-11-13,Energy,0.01249802196175864,-0.012032587132706052,,v2_20260217T141158Z_c04a438c
2025-11-14,Energy,-0.0008984667201293198,-0.012158916864623559,-0.01580906612273103,v2_20260217T141158Z_c04a438c
2025-11-17,Energy,0.016764538946257866,0.016737008411754184,0.0006904411188082271,v2_20260217T141158Z_c04a438c
2025-11-18,Energy,0.010091005354871898,0.013746692325529608,0.010788413718707313,v2_20260217T141158Z_c04a438c
2025-11-19,Energy,-0.01646096790734297,0.02182448170855067,-0.005850141920630492,v2_20260217T141158Z_c04a438c
2025-11-20,Energy,0.006165811044032991,0.015433942666768674,0.00027959825373913283,v2_20260217T141158Z_c04a438c
2025-11-21,Energy,0.00806280743921344,0.024541707641432042,0.008344660039832918,v2_20260217T141158Z_c04a438c
2025-11-24,Energy,0.00027717698229481587,0.007928234871652728,0.008624149969815864,v2_20260217T141158Z_c04a438c
2025-11-25,Energy,-0.0060593565177529006,-0.008187546427769865,0.0025125366527332105,v2_20260217T141158Z_c04a438c
2025-11-26,Energy,0.006026836309686085,0.014489422709375921,0.008554515609547453,v2_20260217T141158Z_c04a438c
2025-11-27,Energy,-0.011821633350328696,-0.0036468246957296335,-0.0033682460878069476,v2_20260217T141158Z_c04a438c
2025-11-28,Energy,-0.019554283969052247,-0.03094311666705385,-0.02285666641638051,v2_20260217T141158Z_c04a438c
2025-12-01,Energy,0.003006698048088557,-0.02829878843696354,-0.03589666761109278,v2_20260217T141158Z_c04a438c
2025-12-02,Energy,-0.010166826192602256,-0.03231435343642497,-0.0441854583789294,v2_20260217T141158Z_c04a438c
2025-12-03,Energy,-0.016971734931048872,-0.05443641467563243,-0.05190328009962908,v2_20260217T141158Z_c04a438c
2025-12-04,Energy,-0.009330522531920538,-0.052052731975837596,-0.05247258380827424,v2_20260217T141158Z_c04a438c
2025-12-05,Energy,-0.012804111509850299,-0.04552630482462705,-0.06388336827161845,v2_20260217T141158Z_c04a438c
2025-12-08,Energy,-0.018561867786803764,-0.06605122133029528,-0.06997623617394944,v2_20260217T141158Z_c04a438c
2025-12-09,Energy,-0.021444409558825903,-0.07669209040797664,-0.10166181012856024,v2_20260217T141158Z_c04a438c
2025-12-10,Energy,-0.00012308660688164344,-0.06086702126558852,-0.07946213503089083,v2_20260217T141158Z_c04a438c
2025-12-11,Energy,0.004996228825447905,-0.047285574593566415,-0.08628257762667857,v2_20260217T141158Z_c04a438c
2025-12-12,Energy,-0.0035370583563769293,-0.03834220750375261,-0.08869567286100744,v2_20260217T141158Z_c04a438c
2025-12-15,Energy,-0.010733607857113957,-0.030671721799171214,-0.11334167418220464,v2_20260217T141158Z_c04a438c
2025-12-16,Energy,-0.003900592317166129,-0.013293334381997202,-0.12562350473176642,v2_20260217T141158Z_c04a438c
2025-12-17,Energy,-0.009375207978467722,-0.022423588022388752,-0.11932418998089211,v2_20260217T141158Z_c04a438c
2025-12-18,Energy,-0.0003419531402824527,-0.027616125688565973,-0.1250202993413252,v2_20260217T141158Z_c04a438c
2025-12-19,Energy,0.008263208176650105,-0.016101007153032754,-0.12484635524185017,v2_20260217T141158Z_c04a438c
2025-12-22,Energy,0.020287969669234605,0.014752258587233058,-0.10733868980924721,v2_20260217T141158Z_c04a438c
2025-12-23,Energy,-0.003944629169820542,0.014707397105188535,-0.1054394463307955,v2_20260217T141158Z_c04a438c
2025-12-24,Energy,-0.0032372387458136096,0.020994583569468928,-0.11367707559850004,v2_20260217T141158Z_c04a438c
2025-12-25,Energy,0.00195724687900362,0.0233428573352914,-0.10131843890698322,v2_20260217T141158Z_c04a438c
2025-12-26,Energy,-0.012365611491877815,0.002405511717749942,-0.09472926492382139,v2_20260217T141158Z_c04a438c
2025-12-29,Energy,0.006927873351039947,-0.010720423885293706,-0.09119018063278594,v2_20260217T141158Z_c04a438c
2025-12-30,Energy,-0.01682105910460022,-0.023509260250015762,-0.0972997275451396,v2_20260217T141158Z_c04a438c
2025-12-31,Energy,-0.004501857571259741,-0.02474815943482056,-0.08584882415797135,v2_20260217T141158Z_c04a438c
2026-01-01,Energy,-0.009596408164828004,-0.035993872145467565,-0.08609417305534806,v2_20260217T141158Z_c04a438c
2026-01-02,Energy,-0.01011575189928599,-0.03379783841141848,-0.08360539900182651,v2_20260217T141158Z_c04a438c
2026-01-05,Energy,-0.004369179762786506,-0.04463797644616596,-0.07035331285195234,v2_20260217T141158Z_c04a438c
2026-01-06,Energy,2.8611765646564513e-06,-0.028290052527775278,-0.049977991937854904,v2_20260217T141158Z_c04a438c
2026-01-07,Energy,-0.00565332040826373,-0.02941400027330454,-0.05523248251631341,v2_20260217T141158Z_c04a438c
2026-01-08,Energy,0.024634562770419713,0.0041320221974339155,-0.03677105999894692,v2_20260217T141158Z_c04a438c
2026-01-09,Energy,0.018829553771493195,0.033493948475267876,-0.015150418436695845,v2_20260217T141158Z_c04a438c
2026-01-12,Energy,-0.0001828945433500108,0.03783943512849164,-0.0046468112437467735,v2_20260217T141158Z_c04a438c
2026-01-13,Energy,0.018164449378007173,0.056688193638887,0.017401700623578042,v2_20260217T141158Z_c04a438c
2026-01-14,Energy,0.013789935330074955,0.07735046285171299,0.041193005249828385,v2_20260217T141158Z_c04a438c
2026-01-15,Energy,-0.026872543307863178,0.023193393990447397,0.013560091180452538,v2_20260217T141158Z_c04a438c
2026-01-16,Energy,0.0052713209215790625,0.009577088657663824,0.010552486128062588,v2_20260217T141158Z_c04a438c
2026-01-19,Energy,0.007786036179904969,0.01762381023843096,-0.0018301551895117951,v2_20260217T141158Z_c04a438c
2026-01-20,Energy,-0.02239766569925878,-0.022916766602051553,-0.020322364707462404,v2_20260217T141158Z_c04a438c
2026-01-21,Energy,-0.0022658728654282477,-0.038391235660941714,-0.019367648634901147,v2_20260217T141158Z_c04a438c
2026-01-22,Energy,-0.00010034517888349022,-0.01193593406154081,-0.021381448469336872,v2_20260217T141158Z_c04a438c
2026-01-23,Energy,0.01604683372190796,-0.0013448659901823534,0.006771627511098499,v2_20260217T141158Z_c04a438c
2026-01-26,Energy,-0.006714392487933351,-0.015713915584648963,-0.00686852144607919,v2_20260217T141158Z_c04a438c
2026-01-27,Energy,-0.0007803385860648901,0.006051206605849124,0.009334576304504072,v2_20260217T141158Z_c04a438c
2026-01-28,Energy,-0.0014966800624643146,0.006826811375184594,0.012381522791174548,v2_20260217T141158Z_c04a438c
2026-01-29,Energy,-0.004352697770480853,0.002544999115326574,0.017741595753216544,v2_20260217T141158Z_c04a438c
2026-01-30,Energy,0.019944069520871598,0.006390446127165328,0.04864736143128123,v2_20260217T141158Z_c04a438c
2026-02-02,Energy,-0.0014056133565350489,0.011769266234929354,0.051768735367457186,v2_20260217T141158Z_c04a438c
2026-02-03,Energy,0.002413162084680463,0.015002875375274671,0.054303807252153335,v2_20260217T141158Z_c04a438c
2026-02-04,Energy,-0.014066578445146345,0.002225268384047574,0.04538324648423098,v2_20260217T141158Z_c04a438c
2026-02-05,Energy,0.024048131600515773,0.03081373417402955,0.04478494017824741,v2_20260217T141158Z_c04a438c
2026-02-06,Energy,0.008388799089837284,0.019135317858514522,0.034078200061503416,v2_20260217T141158Z_c04a438c
2026-02-09,Energy,-0.001477435857370927,0.019062017980007617,0.032739298231756475,v2_20260217T141158Z_c04a438c
2026-02-10,Energy,0.016688879463846517,0.03357483755459323,0.03124260578823934,v2_20260217T141158Z_c04a438c
2026-02-11,Energy,0.014655854651132724,0.06368517104429516,0.032123432146768494,v2_20260217T141158Z_c04a438c
2026-02-12,Energy,0.026338247037064614,0.06606392820879381,0.08856013340349111,v2_20260217T141158Z_c04a438c
2026-02-13,Energy,-0.020914429951401924,0.0350846913419216,0.06020483879762217,v2_20260217T141158Z_c04a438c
2025-11-03,Financials,0.007035667174461193,,,v2_20260217T141158Z_c04a438c
2025-11-04,Financials,-0.006258738287701627,,,v2_20260217T141158Z_c04a438c
2025-11-05,Financials,0.0015644951797859625,0.0022985362769136763,,v2_20260217T141158Z_c04a438c
2025-11-06,Financials,0.002556940222640704,0.0048613537194139855,,v2_20260217T141158Z_c04a438c
2025-11-07,Financials,-0.004620582030329854,0.00021830940544509403,,v2_20260217T141158Z_c04a438c
2025-11-10,Financials,-0.007511400638497926,-0.014230278712103361,,v2_20260217T141158Z_c04a438c
2025-11-11,Financials,0.0038581242488251667,-0.004194571081571841,,v2_20260217T141158Z_c04a438c
2025-11-12,Financials,0.0008009151536890177,-0.00495376046883611,,v2_20260217T141158Z_c04a438c
2025-11-13,Financials,-0.011151500028897471,-0.018559503319812043,,v2_20260217T141158Z_c04a438c
2025-11-14,Financials,-0.0004400054159746339,-0.014437469937635616,-0.014222312367668799,v2_20260217T141158Z_c04a438c
2025-11-17,Financials,-0.0014288961075030581,-0.008397412088568368,-0.015630886268390043,v2_20260217T141158Z_c04a438c
2025-11-18,Financials,0.006496279814484625,-0.005791464272806857,-0.009236149064853372,v2_20260217T141158Z_c04a438c
2025-11-19,Financials,-0.0025280694336790696,-0.009098520493431184,-0.011740868872396781,v2_20260217T141158Z_c04a438c
2025-11-20,Financials,0.002136456771661407,0.004217023853026136,-0.0096294959595431,v2_20260217T141158Z_c04a438c
2025-11-21,Financials,0.0020013236284356583,0.006669727243025392,-0.007647444068901166,v2_20260217T141158Z_c04a438c
2025-11-24,Financials,0.006455933876319031,0.01461850486960703,-0.0012408815858138134,v2_20260217T141158Z_c04a438c
2025-11-25,Financials,0.0015265747158159644,0.009608695237937726,0.00028379883154783236,v2_20260217T141158Z_c04a438c
2025-11-26,Financials,0.0031840079138540332,0.015390274429511575,0.0034687103631274585,v2_20260217T141158Z_c04a438c
2025-11-27,Financials,-0.006748373459805166,0.0063879373265878225,-0.003303071249632028,v2_20260217T141158Z_c04a438c
2025-11-28,Financials,-0.002453233524809575,0.0019138787805128565,-0.005748201569317102,v2_20260217T141158Z_c04a438c
2025-12-01,Financials,-0.006359714363093658,-0.010843933463867805,-0.01897353471143659,v2_20260217T141158Z_c04a438c
2025-12-02,Financials,-0.0018506448830823603,-0.0141794388200015,-0.01462184231623076,v2_20260217T141158Z_c04a438c
2025-12-03,Financials,0.00282719964463745,-0.014530071331502858,-0.013379544485923933,v2_20260217T141158Z_c04a438c
2025-12-04,Financials,0.002469774675273139,-0.005384143409114861,-0.013465324463697415,v2_20260217T141158Z_c04a438c
2025-12-05,Financials,-0.018462242253507604,-0.021346115784733777,-0.02718399046244757,v2_20260217T141158Z_c04a438c
2025-12-08,Financials,0.010758536745316023,-0.004486047628902923,-0.009276190220049552,v2_20260217T141158Z_c04a438c
2025-12-09,Financials,-0.004551151804396812,-0.007179424431544401,-0.017575440689505895,v2_20260217T141158Z_c04a438c
2025-12-10,Financials,-0.0008898638792224442,-0.01085939756000609,-0.01923517423006127,v2_20260217T141158Z_c04a438c
2025-12-11,Financials,-0.004679624329842452,-0.017913735773140482,-0.012816205052706198,v2_20260217T141158Z_c04a438c
2025-12-12,Financials,-0.008505585920804375,-0.007951515425728584,-0.02078192038180393,v2_20260217T141158Z_c04a438c
2025-12-15,Financials,-0.0005801297084170085,-0.019080292936467957,-0.019949603684357387,v2_20260217T141158Z_c04a438c
2025-12-16,Financials,-0.006963314327167938,-0.021457248577649413,-0.033055544399017145,v2_20260217T141158Z_c04a438c
2025-12-17,Financials,-0.018308353289089443,-0.03851716613481826,-0.04835287509496522,v2_20260217T141158Z_c04a438c
2025-12-18,Financials,-0.00549114655914745,-0.039301099340497414,-0.05559618685219203,v2_20260217T141158Z_c04a438c
2025-12-19,Financials,0.004334576722450167,-0.02685974822394077,-0.0533970549078886,v2_20260217T141158Z_c04a438c
2025-12-22,Financials,0.004191275753060197,-0.022213806262877944,-0.05552703594028929,v2_20260217T141158Z_c04a438c
2025-12-23,Financials,-0.009601521133078465,-0.02481149699098506,-0.06602120148325352,v2_20260217T141158Z_c04a438c
2025-12-24,Financials,0.006640239335209169,-2.8174473180375692e-05,-0.06280340011795282,v2_20260217T141158Z_c04a438c
2025-12-25,Financials,-0.006611014244266856,-0.0011541937434591532,-0.0626737928902118,v2_20260217T141158Z_c04a438c
2025-12-26,Financials,0.007912639454874842,0.002404314583983158,-0.05293369374903456,v2_20260217T141158Z_c04a438c
2025-12-29,Financials,-0.011062156575007798,-0.012821974218818588,-0.057415722749238896,v2_20260217T141158Z_c04a438c
2025-12-30,Financials,0.0027972859398995827,-0.00046348402571272374,-0.05302653340294272,v2_20260217T141158Z_c04a438c
2025-12-31,Financials,0.009706050429455122,0.0025806920563022917,-0.04653080893893602,v2_20260217T141158Z_c04a438c
2026-01-01,Financials,-0.014665891566158816,-0.005548716056338998,-0.06282888618999649,v2_20260217T141158Z_c04a438c
2026-01-02,Financials,0.009315847503273338,-0.004164248801195813,-0.03630639827608717,v2_20260217T141158Z_c04a438c
2026-01-05,Financials,0.0018924548431577027,0.008880721900317967,-0.0447596401640884,v2_20260217T141158Z_c04a438c
2026-01-06,Financials,0.004625727113177708,0.01072025525039133,-0.0359534366757982,v2_20260217T141158Z_c04a438c
2026-01-07,Financials,-0.0005068230711863872,0.0004971233725363788,-0.03558383860922876,v2_20260217T141158Z_c04a438c
2026-01-08,Financials,0.012083126591245111,0.02765777425273397,-0.019341562963278935,v2_20260217T141158Z_c04a438c
2026-01-09,Financials,0.001775488264073518,0.019980386830362296,-0.009172849959924068,v2_20260217T141158Z_c04a438c
2026-01-12,Financials,-0.00579918897318652,0.012149879876016234,-0.014347037276905672,v2_20260217T141158Z_c04a438c
2026-01-13,Financials,0.007767646372819054,0.015315330566159302,0.000274391384475825,v2_20260217T141158Z_c04a438c
2026-01-14,Financials,0.015956120304959416,0.032038885245546656,0.03518746779215287,v2_20260217T141158Z_c04a438c
2026-01-15,Financials,-0.015668718095528028,0.0037398432977677754,0.024593600808900273,v2_20260217T141158Z_c04a438c
2026-01-16,Financials,0.009156983820194139,0.011135813033104736,0.029513283519585265,v2_20260217T141158Z_c04a438c
2026-01-19,Financials,-0.006447913302127678,0.0104760384739786,0.018605813276948213,v2_20260217T141158Z_c04a438c
2026-01-20,Financials,-0.01126119994196542,-0.008603948177805854,0.016898865498878424,v2_20260217T141158Z_c04a438c
2026-01-21,Financials,-0.0021632545203744665,-0.026285299078994684,0.008005655626719177,v2_20260217T141158Z_c04a438c
2026-01-22,Financials,0.01401931857490543,0.0030825349814576075,0.028939542006953367,v2_20260217T141158Z_c04a438c
2026-01-23,Financials,0.009563406592772052,0.003486511361275646,0.030624747168927602,v2_20260217T141158Z_c04a438c
2026-01-26,Financials,-0.009975877531364322,-7.672861778806883e-05,0.03175681636028593,v2_20260217T141158Z_c04a438c
2026-01-27,Financials,0.0024497026238986547,0.013789269709026941,0.03139919527318802,v2_20260217T141158Z_c04a438c
2026-01-28,Financials,-0.006803294758302692,0.00907504864476949,0.014535153175095905,v2_20260217T141158Z_c04a438c
2026-01-29,Financials,0.00861088972265637,0.003692990820817421,0.038501757668070624,v2_20260217T141158Z_c04a438c
2026-01-30,Financials,0.009980425036153418,0.004107584382679441,0.03918555247591993,v2_20260217T141158Z_c04a438c
2026-02-02,Financials,-0.01326436504529944,0.0007723169089370874,0.023464555503216022,v2_20260217T141158Z_c04a438c
2026-02-03,Financials,-0.001634908690463068,-0.0033054596798002267,0.017086519716342563,v2_20260217T141158Z_c04a438c
2026-02-04,Financials,-0.01001857421569109,-0.0065320626919427305,0.007407340216890379,v2_20260217T141158Z_c04a438c
2026-02-05,Financials,0.006564179970277912,-0.008548043816757889,0.0019138909238924917,v2_20260217T141158Z_c04a438c
2026-02-06,Financials,-0.006477567035656887,-0.02470410786508892,-0.006340304596195612,v2_20260217T141158Z_c04a438c
2026-02-09,Financials,-0.0037961291020919357,-0.015345642138249738,-0.004338334934420374,v2_20260217T141158Z_c04a438c
2026-02-10,Financials,0.0009637272376539529,-0.012782693760557406,-0.011060520826647435,v2_20260217T141158Z_c04a438c
2026-02-11,Financials,0.0008497625048070565,-0.0019447024396463952,-0.025765165364449616,v2_20260217T141158Z_c04a438c
2026-02-12,Financials,0.01728999956911901,0.008690447592829553,0.0068554893318957255,v2_20260217T141158Z_c04a438c
2026-02-13,Financials,0.003025601623153553,0.018338700244161288,0.0007380904323586179,v2_20260217T141158Z_c04a438c
2025-11-03,Health Care,-0.0022038764148292465,,,v2_20260217T141158Z_c04a438c
2025-11-04,Health Care,0.000520368877067705,,,v2_20260217T141158Z_c04a438c
2025-11-05,Health Care,-0.007191797098779341,-0.008864335772851062,,v2_20260217T141158Z_c04a438c
2025-11-06,Health Care,0.009840280750063015,0.0008887174245442164,,v2_20260217T141158Z_c04a438c
2025-11-07,Health Care,0.0033570030050004847,0.00424870385660947,,v2_20260217T141158Z_c04a438c
2025-11-10,Health Care,-0.020646199039773917,-0.014312882177278441,,v2_20260217T141158Z_c04a438c
2025-11-11,Health Care,-0.00018924209564412378,-0.015011972786750483,,v2_20260217T141158Z_c04a438c
2025-11-12,Health Care,-0.015286013531613196,-0.02304243249962956,,v2_20260217T141158Z_c04a438c
2025-11-13,Health Care,-0.001560567616652355,-0.034072043122325146,,v2_20260217T141158Z_c04a438c
2025-11-14,Health Care,0.014079875199582072,-0.02374917499089013,-0.019601374345655564,v2_20260217T141158Z_c04a438c
2025-11-17,Health Care,0.010870865531573811,0.007668031190855684,-0.008943592718827276,v2_20260217T141158Z_c04a438c
2025-11-18,Health Care,-0.00036992344882525434,0.007485929906193789,-0.009310207722989072,v2_20260217T141158Z_c04a438c
2025-11-19,Health Care,-0.008964206945354772,0.013953931046388979,-0.01819095603961074,v2_20260217T141158Z_c04a438c
2025-11-20,Health Care,-0.0008026130986517894,0.014723663228587203,-0.01897896883866812,v2_20260217T141158Z_c04a438c
2025-11-21,Health Care,0.01110107866480645,0.011742975606534367,-0.008088577199916624,v2_20260217T141158Z_c04a438c
2025-11-24,Health Care,8.511213984252521e-05,0.0009479170062747233,-0.008004153496187771,v2_20260217T141158Z_c04a438c
2025-11-25,Health Care,-0.008985577043919942,-0.0076790948473605125,-0.01691780860219627,v2_20260217T141158Z_c04a438c
2025-11-26,Health Care,-0.01192386372665714,-0.010642589523078283,-0.028639946684527073,v2_20260217T141158Z_c04a438c
2025-11-27,Health Care,0.0024978867904712613,-0.007374592562329307,-0.026213599238558927,v2_20260217T141158Z_c04a438c
2025-11-28,Health Care,-0.006220330003182356,-0.024379490192506403,-0.032270872003906215,v2_20260217T141158Z_c04a438c
2025-12-01,Health Care,-0.006600770351290507,-0.03090181914764456,-0.03653527255071798,v2_20260217T141158Z_c04a438c
2025-12-02,Health Care,0.0004803206813780679,-0.021645259350706825,-0.03657383750665988,v2_20260217T141158Z_c04a438c
2025-12-03,Health Care,0.004989643817897146,-0.004898158920133677,-0.02475290488170956,v2_20260217T141158Z_c04a438c
2025-12-04,Health Care,0.001466711848198883,-0.005921726248356074,-0.03283962800316276,v2_20260217T141158Z_c04a438c
2025-12-05,Health Care,-0.00809313141436675,-0.007795090385414594,-0.04387669280789597,v2_20260217T141158Z_c04a438c
2025-12-08,Health Care,-0.013220138436360364,-0.014406500296488156,-0.036626780042372964,v2_20260217T141158Z_c04a438c
2025-12-09,Health Care,-0.012849767678099368,-0.02753824128728244,-0.04882589992611075,v2_20260217T141158Z_c04a438c
2025-12-10,Health Care,0.012286242758462277,-0.020477806901702755,-0.02219276946984794,v2_20260217T141158Z_c04a438c
2025-12-11,Health Care,-0.0026000929575904857,-0.024455498336815817,-0.023210813591224233,v2_20260217T141158Z_c04a438c
2025-12-12,Health Care,-0.010312249833029927,-0.026638010466158435,-0.0467059687048168,v2_20260217T141158Z_c04a438c
2025-12-15,Health Care,0.011114410863768933,-0.0026343534765943533,-0.0464762951436849,v2_20260217T141158Z_c04a438c
2025-12-16,Health Care,-0.007383516102497411,0.0028884649944467267,-0.053166396820652495,v2_20260217T141158Z_c04a438c
2025-12-17,Health Care,0.0006955912360181287,-0.008594582213578228,-0.04393744506920916,v2_20260217T141158Z_c04a438c
2025-12-18,Health Care,-0.0014169573396543935,-0.007418557378087498,-0.04452526838856574,v2_20260217T141158Z_c04a438c
2025-12-19,Health Care,-0.0006640783173706384,0.002257823884650012,-0.055643158030970086,v2_20260217T141158Z_c04a438c
2025-12-22,Health Care,-0.0005586608985981871,-0.00931300071926866,-0.05625105776484984,v2_20260217T141158Z_c04a438c
2025-12-23,Health Care,0.0026929217964026743,0.0007438502271344127,-0.0451295537058346,v2_20260217T141158Z_c04a438c
2025-12-24,Health Care,0.025858320359653006,0.025907792834601873,-0.008617093121033426,v2_20260217T141158Z_c04a438c
2025-12-25,Health Care,-0.005355049944234077,0.0218619401419915,-0.016382962107065024,v2_20260217T141158Z_c04a438c
2025-12-26,Health Care,-0.01272951044857551,0.009524541256654251,-0.022825578093392362,v2_20260217T141158Z_c04a438c
2025-12-29,Health Care,0.004212010990713161,0.014343343683691279,-0.012189397752471964,v2_20260217T141158Z_c04a438c
2025-12-30,Health Care,-0.00995264755979212,0.0015508437819606868,-0.022490246683234516,v2_20260217T141158Z_c04a438c
2025-12-31,Health Care,-0.0034082232347644563,-0.02702223580401375,-0.03065848702434748,v2_20260217T141158Z_c04a438c
2026-01-01,Health Care,-0.004360409783770654,-0.02604926272507435,-0.03629868537762304,v2_20260217T141158Z_c04a438c
2026-01-02,Health Care,0.00771707789937002,-0.005878529367809082,-0.02093805023873274,v2_20260217T141158Z_c04a438c
2026-01-05,Health Care,0.007887156988342064,-0.0022403120352494366,4.15847228629751e-06,v2_20260217T141158Z_c04a438c
2026-01-06,Health Care,-0.009299654556089696,-0.0015822323040010078,0.0036004984910757987,v2_20260217T141158Z_c04a438c
2026-01-07,Health Care,0.013976079723012052,0.015833922792513277,0.00527583610642246,v2_20260217T141158Z_c04a438c
2026-01-08,Health Care,-0.00021141723058084837,0.020067068423080814,0.007683373917185987,v2_20260217T141158Z_c04a438c
2026-01-09,Health Care,0.008310726125006237,0.02066799205380976,0.026644973919415005,v2_20260217T141158Z_c04a438c
2026-01-12,Health Care,-0.02717975571846088,-0.014843597841756928,-0.012237385217859331,v2_20260217T141158Z_c04a438c
2026-01-13,Health Care,0.002651396058720535,-0.002959425115015568,-0.002251543519408039,v2_20260217T141158Z_c04a438c
2026-01-14,Health Care,0.015443886498469688,-0.001516133758850735,0.012453316742497611,v2_20260217T141158Z_c04a438c
2026-01-15,Health Care,-0.008953933773405922,-0.010247241383801842,0.004811652041050163,v2_20260217T141158Z_c04a438c
2026-01-16,Health Care,0.005287681190146754,-0.013214647150867731,0.010796023435635904,v2_20260217T141158Z_c04a438c
2026-01-19,Health Care,-0.0038002242161248707,0.010500504110214637,0.007517632615803516,v2_20260217T141158Z_c04a438c
2026-01-20,Health Care,0.007604175535281141,0.015492055687846173,0.012452518095303677,v2_20260217T141158Z_c04a438c
2026-01-21,Health Care,-0.002713054956124164,-0.0026657470700289787,-0.01574548967029432,v2_20260217T141158Z_c04a438c
2026-01-22,Health Care,0.005762647796392685,0.012144211201116084,-0.004743931631839615,v2_20260217T141158Z_c04a438c
2026-01-23,Health Care,0.010449832288634168,0.017341570573404574,0.01862289819255336,v2_20260217T141158Z_c04a438c
2026-01-26,Health Care,-0.006391455863619031,0.014695346655207775,0.007867266891756097,v2_20260217T141158Z_c04a438c
2026-01-27,Health Care,-0.006293783854182488,0.0006995782146890228,0.011591986677949473,v2_20260217T141158Z_c04a438c
2026-01-28,Health Care,-0.00438754380257431,-0.000980640593644111,0.01059792585798025,v2_20260217T141158Z_c04a438c
2026-01-29,Health Care,-0.005029959050880297,-0.011700886769529295,0.00991831738594895,v2_20260217T141158Z_c04a438c
2026-01-30,Health Care,-0.002098707455958619,-0.023974341923486908,8.109060148298042e-05,v2_20260217T141158Z_c04a438c
2026-02-02,Health Care,-0.0049117829727232795,-0.022520853308078737,-0.012618721819038892,v2_20260217T141158Z_c04a438c
2026-02-03,Health Care,-0.0021379988818592145,-0.01843293166425808,-0.00548105928966347,v2_20260217T141158Z_c04a438c
2026-02-04,Health Care,-0.008864889637919314,-0.02284711430949149,-0.027883734370357627,v2_20260217T141158Z_c04a438c
2026-02-05,Health Care,-0.001342770764867583,-0.019225953344358393,-0.02898377411057096,v2_20260217T141158Z_c04a438c
2026-02-06,Health Care,0.00665849694610037,-0.010619051175806749,-0.030574892106281393,v2_20260217T141158Z_c04a438c
2026-02-09,Health Care,-0.0014577363266329117,-0.007184815005067069,-0.004942642396487562,v2_20260217T141158Z_c04a438c
2026-02-10,Health Care,0.013625238556391398,0.008498697821194723,0.005948084691124844,v2_20260217T141158Z_c04a438c
2026-02-11,Health Care,0.0027016769485657755,0.02026789782105265,-0.006674967613280125,v2_20260217T141158Z_c04a438c
2026-02-12,Health Care,-0.0043706623616076076,0.017174483480476344,-0.002081156711133181,v2_20260217T141158Z_c04a438c
2026-02-13,Health Care,-0.008816303061675999,0.0015380270728408973,-0.0160817576472555,v2_20260217T141158Z_c04a438c
2025-11-03,Industrials,0.0011858268519981123,,,v2_20260217T141158Z_c04a438c
2025-11-04,Industrials,-0.0033629314672743906,,,v2_20260217T141158Z_c04a438c
2025-11-05,Industrials,-0.0013631050946189972,-0.003541224506073304,,v2_20260217T141158Z_c04a438c
2025-11-06,Industrials,0.0004189266338270241,-0.003123781385508173,,v2_20260217T141158Z_c04a438c
2025-11-07,Industrials,-0.0032635372218304468,-0.0063771240305141585,,v2_20260217T141158Z_c04a438c
2025-11-10,Industrials,-0.0032436839053247794,-0.010773174293898125,,v2_20260217T141158Z_c04a438c
2025-11-11,Industrials,0.004730488775054381,-0.0027399306305740945,,v2_20260217T141158Z_c04a438c
2025-11-12,Industrials,-0.0029668938916291294,-0.004341508276182515,,v2_20260217T141158Z_c04a438c
2025-11-13,Industrials,-0.0047463353116859,-0.009482191625039382,,v2_20260217T141158Z_c04a438c
2025-11-14,Industrials,0.0018503167472364523,-0.004400243070984078,-0.010749306205670162,v2_20260217T141158Z_c04a438c
2025-11-17,Industrials,0.0031994789547195937,0.002035443639733625,-0.007584219429933481,v2_20260217T141158Z_c04a438c
2025-11-18,Industrials,0.005422263575180559,0.002725362853380764,-0.002203079491513993,v2_20260217T141158Z_c04a438c
2025-11-19,Industrials,-0.003831853951488183,0.0018554645675945558,-0.006026491564147252,v2_20260217T141158Z_c04a438c
2025-11-20,Industrials,0.0012924945419451194,0.007934351692666208,-0.004741786229655931,v2_20260217T141158Z_c04a438c
2025-11-21,Industrials,0.005306709284434944,0.01141173420474395,0.0005397597737692994,v2_20260217T141158Z_c04a438c
2025-11-24,Industrials,-0.0028537941952962334,0.005308908572645876,-0.0023155747848361274,v2_20260217T141158Z_c04a438c
2025-11-25,Industrials,-0.001247108545214069,-0.0013597116182153535,-0.0035597955569489637,v2_20260217T141158Z_c04a438c
2025-11-26,Industrials,-0.007482612418408296,-0.005019529995945127,-0.01101577140491583,v2_20260217T141158Z_c04a438c
2025-11-27,Industrials,-0.007923507835073897,-0.014177435829284657,-0.01885199568895346,v2_20260217T141158Z_c04a438c
2025-11-28,Industrials,0.0018093765753229068,-0.01760698570417718,-0.017076729473028296,v2_20260217T141158Z_c04a438c
2025-12-01,Industrials,0.0017454278049414797,-0.013075811100165202,-0.016527336159514405,v2_20260217T141158Z_c04a438c
2025-12-02,Industrials,-0.0015896401960172196,-0.01341428598672989,-0.014777467982449943,v2_20260217T141158Z_c04a438c
2025-12-03,Industrials,0.010636987482980661,0.004597024071933298,-0.002938568724809243,v2_20260217T141158Z_c04a438c
2025-12-04,Industrials,-0.007756514493468428,0.004766124958146767,-0.011086572340769596,v2_20260217T141158Z_c04a438c
2025-12-05,Industrials,-0.004001619402492532,-0.0010620216406964644,-0.011818861573109074,v2_20260217T141158Z_c04a438c
2025-12-08,Industrials,0.001670568250803748,-0.0011366713966083353,-0.00694688713788616,v2_20260217T141158Z_c04a438c
2025-12-09,Industrials,-0.009991497912461185,-0.009542340951907091,-0.021497769061830208,v2_20260217T141158Z_c04a438c
2025-12-10,Industrials,-0.0026055036484344397,-0.02252042005294297,-0.021143095624169272,v2_20260217T141158Z_c04a438c
2025-12-11,Industrials,-0.008941535760151088,-0.023687809012310823,-0.025269180329927976,v2_20260217T141158Z_c04a438c
2025-12-12,Industrials,0.005113954649988886,-0.014752406858394074,-0.02209388717996441,v2_20260217T141158Z_c04a438c
2025-12-15,Industrials,-0.00807159117385858,-0.024334837878516646,-0.03308078321408525,v2_20260217T141158Z_c04a438c
2025-12-16,Industrials,-0.004487506120919638,-0.018910588458146638,-0.0426110543252598,v2_20260217T141158Z_c04a438c
2025-12-17,Industrials,-0.007304599104571329,-0.023532864611368276,-0.04594861117637539,v2_20260217T141158Z_c04a438c
2025-12-18,Industrials,0.010538234439808215,-0.0043398945782908704,-0.03713908644874475,v2_20260217T141158Z_c04a438c
2025-12-19,Industrials,-0.00145627654541593,-0.010848327830458748,-0.04361652726787446,v2_20260217T141158Z_c04a438c
2025-12-22,Industrials,0.007794469629739282,0.004973318605895116,-0.03340355801996309,v2_20260217T141158Z_c04a438c
2025-12-23,Industrials,-0.008140077304569875,0.001286035315683609,-0.040074596606662904,v2_20260217T141158Z_c04a438c
2025-12-24,Industrials,0.009283322138912406,0.018017505896724684,-0.023859216710480302,v2_20260217T141158Z_c04a438c
2025-12-25,Industrials,-0.004242537081762715,0.003127337819155196,-0.020237373331687958,v2_20260217T141158Z_c04a438c
2025-12-26,Industrials,-8.749731615011547e-05,0.0045024001544982095,-0.022092502850161067,v2_20260217T141158Z_c04a438c
2025-12-29,Industrials,-0.008395369003964637,-0.01163455262283175,-0.031991985244837484,v2_20260217T141158Z_c04a438c
2025-12-30,Industrials,-0.0035043076397802556,-0.007015115488779755,-0.03384834962743166,v2_20260217T141158Z_c04a438c
2025-12-31,Industrials,-3.612916249304567e-05,-0.016184071391689425,-0.044051666336951456,v2_20260217T141158Z_c04a438c
2026-01-01,Industrials,0.0011901745530768675,-0.01081651107612136,-0.035432237123484756,v2_20260217T141158Z_c04a438c
2026-01-02,Industrials,-0.00030484153664742764,-0.011031523203434368,-0.03185211809380306,v2_20260217T141158Z_c04a438c
2026-01-05,Industrials,-0.005355376762275557,-0.007999612699227887,-0.03864292736623731,v2_20260217T141158Z_c04a438c
2026-01-06,Industrials,0.006855497072358979,0.0023134577591714667,-0.022283494344064847,v2_20260217T141158Z_c04a438c
2026-01-07,Industrials,0.0020422640709391376,0.004396734534601432,-0.017727424273186188,v2_20260217T141158Z_c04a438c
2026-01-08,Industrials,-0.000789887788268025,0.002410330552251372,-0.009648041937350693,v2_20260217T141158Z_c04a438c
2026-01-09,Industrials,-0.0030292983598331456,-0.00032152589577116863,-0.017671695898144768,v2_20260217T141158Z_c04a438c
2026-01-12,Industrials,-0.009804242018131527,-0.004792906654852991,-0.01938757776049571,v2_20260217T141158Z_c04a438c
2026-01-13,Industrials,0.015105628284141909,0.003361778031151008,-8.769844572575902e-05,v2_20260217T141158Z_c04a438c
2026-01-14,Industrials,0.0006321115461580888,0.001949768582755862,0.007906712132164095,v2_20260217T141158Z_c04a438c
2026-01-15,Industrials,-0.011850259923820656,-0.009140929125583508,-0.014423480803231303,v2_20260217T141158Z_c04a438c
2026-01-16,Industrials,-0.0017379610780634618,-0.007857508000875701,-0.014701507347965492,v2_20260217T141158Z_c04a438c
2026-01-19,Industrials,0.0029078105511994344,0.004879536581364308,-0.019479086476732355,v2_20260217T141158Z_c04a438c
2026-01-20,Industrials,-0.00723870201128752,-0.017239698744367704,-0.018588015766268784,v2_20260217T141158Z_c04a438c
2026-01-21,Industrials,-0.007418868763931268,-0.02514688435599155,-0.03482897601544077,v2_20260217T141158Z_c04a438c
2026-01-22,Industrials,0.007673619417245454,-0.0058857199462042376,-0.02327884518699419,v2_20260217T141158Z_c04a438c
2026-01-23,Industrials,-0.0033189879904692516,-0.007460177723311756,-0.026435386679091066,v2_20260217T141158Z_c04a438c
2026-01-26,Industrials,-0.005229026740622563,-0.015512896980808377,-0.02332664889702163,v2_20260217T141158Z_c04a438c
2026-01-27,Industrials,-0.005164366264109891,-0.0134558498390982,-0.024953685553659177,v2_20260217T141158Z_c04a438c
2026-01-28,Industrials,0.0026273804616069943,-0.0034707029401530587,-0.02235654647872809,v2_20260217T141158Z_c04a438c
2026-01-29,Industrials,0.007272742728743947,-0.0038671461504369287,-0.016417032579491342,v2_20260217T141158Z_c04a438c
2026-01-30,Industrials,0.006835089155418862,0.006281346420068168,-0.009392176894410076,v2_20260217T141158Z_c04a438c
2026-02-02,Industrials,0.0015596530322704535,0.013148577175604137,-0.002505211991118861,v2_20260217T141158Z_c04a438c
2026-02-03,Industrials,-0.005328037293584197,0.012981893288323443,-0.014575476358639983,v2_20260217T141158Z_c04a438c
2026-02-04,Industrials,-0.008756109457096796,0.00148084175632901,-0.02519477104461043,v2_20260217T141158Z_c04a438c
2026-02-05,Industrials,0.003727924278484143,-0.0020435936967957424,-0.02078730281316954,v2_20260217T141158Z_c04a438c
2026-02-06,Industrials,-0.006024028961113223,-0.01478931486009738,-0.023728691386176726,v2_20260217T141158Z_c04a438c
2026-02-09,Industrials,0.0031797997300683106,-0.013195614641311582,-0.010927235384742717,v2_20260217T141158Z_c04a438c
2026-02-10,Industrials,0.0006367944275115869,-0.007277963072759963,-0.025025009157828793,v2_20260217T141158Z_c04a438c
2026-02-11,Industrials,-0.006116293606749479,-0.004634210719709597,-0.03160037904275914,v2_20260217T141158Z_c04a438c
2026-02-12,Industrials,0.00496673438829816,-0.0034057212327702757,-0.015119505489890495,v2_20260217T141158Z_c04a438c
2026-02-13,Industrials,0.0013323054831394958,0.003969991091721914,-0.012090395365317197,v2_20260217T141158Z_c04a438c
2025-11-03,Materials,0.0011694750142181329,,,v2_20260217T141158Z_c04a438c
2025-11-04,Materials,-0.0025667243423862385,,,v2_20260217T141158Z_c04a438c
2025-11-05,Materials,0.00034695320449925867,-0.0010537836652438903,,v2_20260217T141158Z_c04a438c
2025-11-06,Materials,0.003076382629988087,0.002019357122980514,,v2_20260217T141158Z_c04a438c
2025-11-07,Materials,-0.002448153516236216,-0.00043374008949681464,,v2_20260217T141158Z_c04a438c
2025-11-10,Materials,-0.008517911120228261,-0.010105613402034641,,v2_20260217T141158Z_c04a438c
2025-11-11,Materials,-0.0058006327138390695,-0.013315078959079019,,v2_20260217T141158Z_c04a438c
2025-11-12,Materials,0.0008491183563045842,-0.012819772024248888,,v2_20260217T141158Z_c04a438c
2025-11-13,Materials,-0.002718928291169174,-0.018523242323627453,,v2_20260217T141158Z_c04a438c
2025-11-14,Materials,-0.0029106014982855873,-0.01897823816932276,-0.019403746636097563,v2_20260217T141158Z_c04a438c
2025-11-17,Materials,0.0027998216568033345,-0.007779909653477524,-0.016658252009349228,v2_20260217T141158Z_c04a438c
2025-11-18,Materials,0.006235782125204684,0.004232542790184812,-0.010526347114261703,v2_20260217T141158Z_c04a438c
2025-11-19,Materials,-0.004192012010327666,-0.0008256293895879674,-0.014674232551061595,v2_20260217T141158Z_c04a438c
2025-11-20,Materials,-0.0030288604197656415,-0.0011361499121440577,-0.01765864676866291,v2_20260217T141158Z_c04a438c
2025-11-21,Materials,0.0012848250146447744,0.003066742913477416,-0.016396510025111444,v2_20260217T141158Z_c04a438c
2025-11-24,Materials,-0.00043318725362335807,-0.00016712654636552582,-0.016822594519588008,v2_20260217T141158Z_c04a438c
2025-11-25,Materials,-0.002101681115239748,-0.008451536599247467,-0.018888919905616586,v2_20260217T141158Z_c04a438c
2025-11-26,Materials,-0.006493047229387376,-0.010742729242013582,-0.025259320485944703,v2_20260217T141158Z_c04a438c
2025-11-27,Materials,-0.00261785527877307,-0.010334904172757398,-0.027811050519245484,v2_20260217T141158Z_c04a438c
2025-11-28,Materials,-0.006112280632245826,-0.0176461677473021,-0.03375334220604009,v2_20260217T141158Z_c04a438c
2025-12-01,Materials,0.0024425482295544923,-0.014819953694953703,-0.0325246763606013,v2_20260217T141158Z_c04a438c
2025-12-02,Materials,0.0019743377362155803,-0.01079588394273212,-0.028120005279956506,v2_20260217T141158Z_c04a438c
2025-12-03,Materials,0.0001976525244128755,-0.004134161327398966,-0.0282650572978681,v2_20260217T141158Z_c04a438c
2025-12-04,Materials,-0.000554614723463336,-0.002074057487690517,-0.0317826029866185,v2_20260217T141158Z_c04a438c
2025-12-05,Materials,-0.004747520934251993,-0.0007037526923060478,-0.03401435419242915,v2_20260217T141158Z_c04a438c
2025-12-08,Materials,-0.0006957099025559215,-0.0038321609786858835,-0.02639330467510792,v2_20260217T141158Z_c04a438c
2025-12-09,Materials,-0.0048579839419129415,-0.010624888961098033,-0.0254701808169705,v2_20260217T141158Z_c04a438c
2025-12-10,Materials,-0.0029584534935757326,-0.013746844640674882,-0.02917762506439492,v2_20260217T141158Z_c04a438c
2025-12-11,Materials,-0.015398218246373344,-0.02839451926806058,-0.04152052290533814,v2_20260217T141158Z_c04a438c
2025-12-12,Materials,0.002713608762912266,-0.021110664508892762,-0.03611409684331823,v2_20260217T141158Z_c04a438c
2025-12-15,Materials,0.0030461653702070443,-0.017445232632393615,-0.03587731256438931,v2_20260217T141158Z_c04a438c
2025-12-16,Materials,-0.005354996775267549,-0.017935958901584503,-0.046982992864679995,v2_20260217T141158Z_c04a438c
2025-12-17,Materials,-0.011461525799832882,-0.026311298505129588,-0.0539401275317648,v2_20260217T141158Z_c04a438c
2025-12-18,Materials,0.0008477666655032412,-0.010245380032813944,-0.05026146404764387,v2_20260217T141158Z_c04a438c
2025-12-19,Materials,-0.0014381507844642351,-0.014343482578842437,-0.052844260654834274,v2_20260217T141158Z_c04a438c
2025-12-22,Materials,0.0061194090267845695,-0.011323519246834612,-0.04663524181241396,v2_20260217T141158Z_c04a438c
2025-12-23,Materials,-0.004927950194201505,-0.010899035225382603,-0.04933538198305654,v2_20260217T141158Z_c04a438c
2025-12-24,Materials,0.009155821139213241,0.009730043238157515,-0.03436132928161739,v2_20260217T141158Z_c04a438c
2025-12-25,Materials,-0.007926492447503345,0.0008779147440545199,-0.039501009559703704,v2_20260217T141158Z_c04a438c
2025-12-26,Materials,-0.005517783015761998,-0.0032111797910429063,-0.03892648353495798,v2_20260217T141158Z_c04a438c
2025-12-29,Materials,-0.006858916180799654,-0.016069146107853705,-0.04784409295299574,v2_20260217T141158Z_c04a438c
2025-12-30,Materials,-0.0011764334384791982,-0.012359632725813863,-0.050838206946490994,v2_20260217T141158Z_c04a438c
2025-12-31,Materials,-0.002468914038266976,-0.02373652564923867,-0.05336870988612652,v2_20260217T141158Z_c04a438c
2026-01-01,Materials,-0.006993013811170815,-0.022817923257580697,-0.059466882056863124,v2_20260217T141158Z_c04a438c
2026-01-02,Materials,0.01099831854850902,-0.006589137915188892,-0.044586754838034315,v2_20260217T141158Z_c04a438c
2026-01-05,Materials,0.0007916974642566644,0.0010635539535088778,-0.04316467678504643,v2_20260217T141158Z_c04a438c
2026-01-06,Materials,-0.0032493896995086937,-0.0010140511724894274,-0.0416180032781337,v2_20260217T141158Z_c04a438c
2026-01-07,Materials,0.0008824213463262478,0.0023421720130660795,-0.03792605552417905,v2_20260217T141158Z_c04a438c
2026-01-08,Materials,0.0037739701544995284,0.013210375605067215,-0.019192529685733373,v2_20260217T141158Z_c04a438c
2026-01-09,Materials,0.00885331148409505,0.011060675280609056,-0.013186960157386629,v2_20260217T141158Z_c04a438c
2026-01-12,Materials,-0.00532315696669873,0.004883077219125065,-0.021420834830200408,v2_20260217T141158Z_c04a438c
2026-01-13,Materials,0.008526393434968629,0.016754938716427192,-0.0077636614675549165,v2_20260217T141158Z_c04a438c
2026-01-14,Materials,0.010969167828868457,0.027001646104803267,0.014750939529531548,v2_20260217T141158Z_c04a438c
2026-01-15,Materials,-0.0063773252205218045,0.01661544625282052,0.007425481029526226,v2_20260217T141158Z_c04a438c
2026-01-16,Materials,-0.002460053176805352,0.0052150363692045065,0.006394507825434159,v2_20260217T141158Z_c04a438c
2026-01-19,Materials,-0.0029178096754802264,0.0076458673287844725,-0.002645181883736747,v2_20260217T141158Z_c04a438c
2026-01-20,Materials,0.0014660939472667372,0.0005917320605388632,0.0037635306642500588,v2_20260217T141158Z_c04a438c
2026-01-21,Materials,-0.005264121808903798,-0.015474925472234058,-0.010579361228538975,v2_20260217T141158Z_c04a438c
2026-01-22,Materials,-0.002163611984456642,-0.011299792956567245,-0.004831891080910422,v2_20260217T141158Z_c04a438c
2026-01-23,Materials,0.0013447507085971736,-0.007528705491612109,0.0020353757160502806,v2_20260217T141158Z_c04a438c
2026-01-26,Materials,-4.4617402039905785e-05,-0.004668799976636717,0.00891070143589423,v2_20260217T141158Z_c04a438c
2026-01-27,Materials,0.005429772964775159,-0.0007294021109992554,0.015583624021293652,v2_20260217T141158Z_c04a438c
2026-01-28,Materials,-0.0058574548413512255,-0.0013254399810309625,0.012133760054776177,v2_20260217T141158Z_c04a438c
2026-01-29,Materials,0.010073284543679886,0.010921735410656552,0.029528780396382626,v2_20260217T141158Z_c04a438c
2026-01-30,Materials,0.0076560205312979504,0.017293366996376625,0.026125221816462263,v2_20260217T141158Z_c04a438c
2026-02-02,Materials,0.004934837432900194,0.02235915939371491,0.030373239091298743,v2_20260217T141158Z_c04a438c
2026-02-03,Materials,-0.001672911087330933,0.015136880630736371,0.032002895855188784,v2_20260217T141158Z_c04a438c
2026-02-04,Materials,-0.00820457531779278,0.012740193585681459,0.022633356864402376,v2_20260217T141158Z_c04a438c
2026-02-05,Materials,0.011594834919971049,0.014265761330334525,0.030601163787574936,v2_20260217T141158Z_c04a438c
2026-02-06,Materials,0.005630465563018492,0.012226919691760818,0.02730884297228786,v2_20260217T141158Z_c04a438c
2026-02-09,Materials,0.0016714466637010815,0.0089398488658603,0.03453291600960018,v2_20260217T141158Z_c04a438c
2026-02-10,Materials,0.008603982314818247,0.01932599123455847,0.03461250564715823,v2_20260217T141158Z_c04a438c
2026-02-11,Materials,-0.004498655380980393,0.023134781252154735,0.01878293948697851,v2_20260217T141158Z_c04a438c
2026-02-12,Materials,0.0030021152430591957,0.01444403861140775,0.028399883794686387,v2_20260217T141158Z_c04a438c
2026-02-13,Materials,-0.004024839721160842,0.0047041120460116215,0.02678668894920322,v2_20260217T141158Z_c04a438c
2025-11-03,Real Estate,-0.006395705827984966,,,v2_20260217T141158Z_c04a438c
2025-11-04,Real Estate,0.012318243455788871,,,v2_20260217T141158Z_c04a438c
2025-11-05,Real Estate,0.031294505224340234,0.03732113637345402,,v2_20260217T141158Z_c04a438c
2025-11-06,Real Estate,0.009839878171190546,0.04752824997976979,,v2_20260217T141158Z_c04a438c
2025-11-07,Real Estate,0.00492913729519359,0.05269166054451402,,v2_20260217T141158Z_c04a438c
2025-11-10,Real Estate,-0.007338698612944698,0.051692590143446626,,v2_20260217T141158Z_c04a438c
2025-11-11,Real Estate,-0.0024859241047185147,0.03631261114249762,,v2_20260217T141158Z_c04a438c
2025-11-12,Real Estate,0.02379164944650372,0.02877324772810219,,v2_20260217T141158Z_c04a438c
2025-11-13,Real Estate,-0.008580003971723336,0.01000801337307533,,v2_20260217T141158Z_c04a438c
2025-11-14,Real Estate,0.0045426899698863205,0.009619612956745849,0.06281814688174636,v2_20260217T141158Z_c04a438c
2025-11-17,Real Estate,-0.00024186736661671593,0.016837684222468896,0.06256108585536757,v2_20260217T141158Z_c04a438c
2025-11-18,Real Estate,0.013934935618664816,0.03357664498257762,0.07736780617766081,v2_20260217T141158Z_c04a438c
2025-11-19,Real Estate,-0.003407095910143362,0.006117944778627704,0.07369711073151275,v2_20260217T141158Z_c04a438c
2025-11-20,Real Estate,0.007223501520263534,0.022155739587682577,0.08145296344318442,v2_20260217T141158Z_c04a438c
2025-11-21,Real Estate,-0.013496888374259258,0.003799866085917536,0.06685671351358002,v2_20260217T141158Z_c04a438c
2025-11-24,Real Estate,0.00043554336436841374,0.004480015392887227,0.0673213758758826,v2_20260217T141158Z_c04a438c
2025-11-25,Real Estate,0.012161966294131233,0.002723578967001483,0.08030210247429093,v2_20260217T141158Z_c04a438c
2025-11-26,Real Estate,-0.017573458586353796,-0.01152992998870106,0.06131745821570789,v2_20260217T141158Z_c04a438c
2025-11-27,Real Estate,-0.00915616926782346,-0.0276046287087216,0.051599855921388604,v2_20260217T141158Z_c04a438c
2025-11-28,Real Estate,0.013455095433174219,-0.0010380786465779002,0.06574923234032326,v2_20260217T141158Z_c04a438c
2025-12-01,Real Estate,0.0025337703764268687,0.0010570577180826213,0.07532707179398979,v2_20260217T141158Z_c04a438c
2025-12-02,Real Estate,0.010893179727132224,-0.00019780839023642027,0.07381330908511563,v2_20260217T141158Z_c04a438c
2025-12-03,Real Estate,-0.01738298330875539,-3.964278781465325e-06,0.0231289170177833,v2_20260217T141158Z_c04a438c
2025-12-04,Real Estate,0.00021891995959153246,0.009457720571211858,0.013381351320998602,v2_20260217T141158Z_c04a438c
2025-12-05,Real Estate,-0.020092983456613443,-0.02395803450094902,-0.011851224389397008,v2_20260217T141158Z_c04a438c
2025-12-08,Real Estate,-0.016132974685600304,-0.042131513617736926,-0.020605522679693733,v2_20260217T141158Z_c04a438c
2025-12-09,Real Estate,0.00041970626215598154,-0.05205561873215625,-0.017752672375905276,v2_20260217T141158Z_c04a438c
2025-12-10,Real Estate,0.012221986955007107,-0.023495289791757412,-0.028852850883836156,v2_20260217T141158Z_c04a438c
2025-12-11,Real Estate,-0.02120718916663037,-0.04441340688160067,-0.04122183169168958,v2_20260217T141158Z_c04a438c
2025-12-12,Real Estate,-0.010066008209309363,-0.03463529227063189,-0.055164993113767324,v2_20260217T141158Z_c04a438c
2025-12-15,Real Estate,-0.005367865511506294,-0.024072628613718283,-0.06000938730715899,v2_20260217T141158Z_c04a438c
2025-12-16,Real Estate,-0.007046213219739468,-0.03135576700987319,-0.07946042135164455,v2_20260217T141158Z_c04a438c
2025-12-17,Real Estate,-0.02338745003041979,-0.0654321615364547,-0.09791600806879175,v2_20260217T141158Z_c04a438c
2025-12-18,Real Estate,0.025453613482818147,-0.02087964236139017,-0.08158885511047387,v2_20260217T141158Z_c04a438c
2025-12-19,Real Estate,0.0063764891423233345,-0.004616756127651889,-0.06308720906117993,v2_20260217T141158Z_c04a438c
2025-12-22,Real Estate,0.0025680524597259764,0.003325154755181803,-0.06109010383887348,v2_20260217T141158Z_c04a438c
2025-12-23,Real Estate,-0.00860239862069041,0.0017527150515173062,-0.08035171250947781,v2_20260217T141158Z_c04a438c
2025-12-24,Real Estate,0.030712844789123738,0.05724567100652078,-0.03515096279784258,v2_20260217T141158Z_c04a438c
2025-12-25,Real Estate,0.021464421896768615,0.053132802828269377,-0.005333703016463631,v2_20260217T141158Z_c04a438c
2025-12-26,Real Estate,-0.012419283681313564,0.03346377724128491,-0.030728387967508097,v2_20260217T141158Z_c04a438c
2025-12-29,Real Estate,-0.001693957853914501,0.029070426319549814,-0.03481584823881567,v2_20260217T141158Z_c04a438c
2025-12-30,Real Estate,0.012781123875670389,0.05126651654705072,-0.03301327027299039,v2_20260217T141158Z_c04a438c
2025-12-31,Real Estate,-0.012532716691238474,0.007158585804339257,-0.028240155849865722,v2_20260217T141158Z_c04a438c
2026-01-01,Real Estate,-0.008971906350905723,-0.022851474906421365,-0.037169476986342986,v2_20260217T141158Z_c04a438c
2026-01-02,Real Estate,0.022349385383071265,0.011549919465040803,0.0045332636798094406,v2_20260217T141158Z_c04a438c
2026-01-05,Real Estate,-0.009581333679603359,0.0035579069514086736,0.01122252264761503,v2_20260217T141158Z_c04a438c
2026-01-06,Real Estate,-0.005167690930559244,-0.014227451202056929,0.00557479115163928,v2_20260217T141158Z_c04a438c
2026-01-07,Real Estate,-0.012083425033640701,-0.013778930638439157,-0.018571008780906006,v2_20260217T141158Z_c04a438c
2026-01-08,Real Estate,-0.0025410273196547406,-0.007379244861841161,0.0001454265960678658,v2_20260217T141158Z_c04a438c
2026-01-09,Real Estate,0.012268417278689507,-0.01716707113274507,0.022710237677124212,v2_20260217T141158Z_c04a438c
2026-01-12,Real Estate,-0.015418004376385769,-0.022959038056252767,0.01237638704955013,v2_20260217T141158Z_c04a438c
2026-01-13,Real Estate,-0.003447485924516056,-0.02126959679210949,0.016045506988080938,v2_20260217T141158Z_c04a438c
2026-01-14,Real Estate,-0.0020677899937261313,-0.011347092433548256,0.038225996877823576,v2_20260217T141158Z_c04a438c
2026-01-15,Real Estate,0.010447089582110023,0.0015263588967229236,0.023032561473595337,v2_20260217T141158Z_c04a438c
2026-01-16,Real Estate,0.0007961076577028894,-0.009824208093928366,0.01735982167312966,v2_20260217T141158Z_c04a438c
2026-01-19,Real Estate,-0.00674740962927621,-0.001104352299106548,0.007906920369902704,v2_20260217T141158Z_c04a438c
2026-01-20,Real Estate,0.0015292057052757441,0.0038840407245768205,0.01820724195670409,v2_20260217T141158Z_c04a438c
2026-01-21,Real Estate,-0.0005083606022431271,0.005452770807692131,-0.01263515764355605,v2_20260217T141158Z_c04a438c
2026-01-22,Real Estate,0.0034753715005582495,-0.0014844882874724963,-0.030023678993731373,v2_20260217T141158Z_c04a438c
2026-01-23,Real Estate,-0.014430013383651661,-0.016675912321472697,-0.031998565873339935,v2_20260217T141158Z_c04a438c
2026-01-26,Real Estate,0.0008751966828310885,-0.009129501196798229,-0.029507400668412842,v2_20260217T141158Z_c04a438c
2026-01-27,Real Estate,-0.003743853749835132,-0.014346442472939258,-0.04534238032157034,v2_20260217T141158Z_c04a438c
2026-01-28,Real Estate,0.005447123916260792,-0.008473412353349974,-0.027959939275991164,v2_20260217T141158Z_c04a438c
2026-01-29,Real Estate,-0.007084875091784661,-0.0189079138526298,-0.02610906341136221,v2_20260217T141158Z_c04a438c
2026-01-30,Real Estate,0.017674468697070535,0.013050702711368212,-0.030562393217099082,v2_20260217T141158Z_c04a438c
2026-02-02,Real Estate,-0.005022852705515975,0.007080904381572273,-0.02610047924439196,v2_20260217T141158Z_c04a438c
2026-02-03,Real Estate,-0.0240307658695531,-0.013426433898381163,-0.04456664633163432,v2_20260217T141158Z_c04a438c
2026-02-04,Real Estate,0.007509702116486015,-0.011402572989183346,-0.025617751600787386,v2_20260217T141158Z_c04a438c
2026-02-05,Real Estate,0.004045634886072503,-0.0003204641065686076,-0.019183475199206268,v2_20260217T141158Z_c04a438c
2026-02-06,Real Estate,0.006197597695936514,-0.011594396418746378,-0.02506567014297012,v2_20260217T141158Z_c04a438c
2026-02-09,Real Estate,-0.0012186369699405965,-0.007815306456229187,-0.011005438686037428,v2_20260217T141158Z_c04a438c
2026-02-10,Real Estate,0.01837340230896756,0.035293395271104755,0.010649957774404362,v2_20260217T141158Z_c04a438c
2026-02-11,Real Estate,0.009002238847286638,0.03682709109195015,0.021861064168755995,v2_20260217T141158Z_c04a438c
2026-02-12,Real Estate,0.017357761813907607,0.05057385056110553,0.02884979910966945,v2_20260217T141158Z_c04a438c
2026-02-13,Real Estate,0.008939066822428812,0.05343622648310009,0.037221016620091474,v2_20260217T141158Z_c04a438c
2025-11-03,Technology,-0.009100280028761449,,,v2_20260217T141158Z_c04a438c
2025-11-04,Technology,-0.029904133624657814,,,v2_20260217T141158Z_c04a438c
2025-11-05,Technology,-0.008146196325372253,-0.04656295325081461,,v2_20260217T141158Z_c04a438c
2025-11-06,Technology,0.013036331002928237,-0.034133632318937845,,v2_20260217T141158Z_c04a438c
2025-11-07,Technology,0.0003405918875590557,-0.03380466606963961,,v2_20260217T141158Z_c04a438c
2025-11-10,Technology,-0.025170630170192037,-0.04947436201195765,,v2_20260217T141158Z_c04a438c
2025-11-11,Technology,0.01353246423511784,-0.006914032333448672,,v2_20260217T141158Z_c04a438c
2025-11-12,Technology,0.010240087598965567,0.011495092575026788,,v2_20260217T141158Z_c04a438c
2025-11-13,Technology,0.018880909795874104,0.01733077939721639,,v2_20260217T141158Z_c04a438c
2025-11-14,Technology,0.019396357700515104,0.03671019601163761,0.001664554024473519,v2_20260217T141158Z_c04a438c
2025-11-17,Technology,-0.0014136521472856698,0.06197523428912732,0.0002485487768169037,v2_20260217T141158Z_c04a438c
2025-11-18,Technology,0.012584737812280826,0.06098221035999862,0.012836414510287497,v2_20260217T141158Z_c04a438c
2025-11-19,Technology,-0.01640561530086438,0.032998152801514635,-0.0037797900688750774,v2_20260217T141158Z_c04a438c
2025-11-20,Technology,-0.011970068046793611,0.0017197150398522432,-0.01570461377134158,v2_20260217T141158Z_c04a438c
2025-11-21,Technology,-0.003793895052085762,-0.021068411681964383,-0.019438927166945286,v2_20260217T141158Z_c04a438c
2025-11-24,Technology,0.014304690384936829,-0.0056594467447980135,-0.005412304616546959,v2_20260217T141158Z_c04a438c
2025-11-25,Technology,0.005243059770142705,-0.012868846544772605,-0.00019762188300298522,v2_20260217T141158Z_c04a438c
2025-11-26,Technology,-0.012898617473990022,-0.009349238397491022,-0.013093690307919625,v2_20260217T141158Z_c04a438c
2025-11-27,Technology,0.0028914041116989693,0.005551655023056101,-0.010240145346214313,v2_20260217T141158Z_c04a438c
2025-11-28,Technology,0.010570491031610446,0.020050795439994218,0.00022210232085151382,v2_20260217T141158Z_c04a438c
2025-12-01,Technology,-0.0029045210626169504,0.002744092639171747,0.006476150973494743,v2_20260217T141158Z_c04a438c
2025-12-02,Technology,0.02518359771420421,0.022635059737245777,0.0636297681834741,v2_20260217T141158Z_c04a438c
2025-12-03,Technology,0.0004899758014076013,0.036505615615656906,0.07289090094635498,v2_20260217T141158Z_c04a438c
2025-12-04,Technology,0.027993361580310974,0.062448922909438265,0.08873165761079127,v2_20260217T141158Z_c04a438c
2025-12-05,Technology,-0.009727721788115986,0.041108685351848306,0.07777369796548772,v2_20260217T141158Z_c04a438c
2025-12-08,Technology,-0.012804506723489383,0.030771700304661476,0.09144571381681277,v2_20260217T141158Z_c04a438c
2025-12-09,Technology,0.009340199849705518,0.014841942755082549,0.08693117762176517,v2_20260217T141158Z_c04a438c
2025-12-10,Technology,-0.03557521062637151,-0.02174059654609739,0.03763786936321778,v2_20260217T141158Z_c04a438c
2025-12-11,Technology,-0.031104461116999996,-0.07797928731781734,-0.013267700929345705,v2_20260217T141158Z_c04a438c
2025-12-12,Technology,-0.009556360178830941,-0.0778197362967541,-0.041292699902144125,v2_20260217T141158Z_c04a438c
2025-12-15,Technology,0.0014145861070644626,-0.06453709181001688,-0.03857740876413529,v2_20260217T141158Z_c04a438c
2025-12-16,Technology,-0.011348073953138794,-0.08371111537503595,-0.061300984425351146,v2_20260217T141158Z_c04a438c
2025-12-17,Technology,-0.0346027620087525,-0.08278720314360943,-0.07866753710873886,v2_20260217T141158Z_c04a438c
2025-12-18,Technology,-0.016653602637376457,-0.0691071811070213,-0.08303490728632823,v2_20260217T141158Z_c04a438c
2025-12-19,Technology,0.014296039995806857,-0.04668891605567438,-0.06638389612911155,v2_20260217T141158Z_c04a438c
2025-12-22,Technology,0.01115841429124353,-0.0374131380343683,-0.06927988394829565,v2_20260217T141158Z_c04a438c
2025-12-23,Technology,-0.016279930931502772,-0.04221497031466248,-0.08920728380340703,v2_20260217T141158Z_c04a438c
2025-12-24,Technology,0.007420682799751578,-0.0005228825921596014,-0.07045878338070832,v2_20260217T141158Z_c04a438c
2025-12-25,Technology,-0.006047755126332833,0.01025694222484863,-0.07874414400859564,v2_20260217T141158Z_c04a438c
2025-12-26,Technology,-0.0021543443014733657,-0.006127933869770286,-0.0903443531688326,v2_20260217T141158Z_c04a438c
2025-12-29,Technology,-0.017190296891142005,-0.03399200715122086,-0.10337734441820734,v2_20260217T141158Z_c04a438c
2025-12-30,Technology,0.01580478938984802,-0.002484978624201606,-0.1115800234746479,v2_20260217T141158Z_c04a438c
2025-12-31,Technology,-0.007057861958319707,-0.016821160251622946,-0.11828238932288426,v2_20260217T141158Z_c04a438c
2026-01-01,Technology,0.013414325640255055,0.0024299718685274474,-0.1307869377134312,v2_20260217T141158Z_c04a438c
2026-01-02,Technology,0.01627109335250398,0.020940059920383725,-0.1079664365023838,v2_20260217T141158Z_c04a438c
2026-01-05,Technology,-0.001969454821792406,0.03675142947154386,-0.09817584282121428,v2_20260217T141158Z_c04a438c
2026-01-06,Technology,-0.004829886987863351,0.01569125092668311,-0.1108365162208701,v2_20260217T141158Z_c04a438c
2026-01-07,Technology,-8.861767739233459e-05,0.0228201662687888,-0.0781192084933704,v2_20260217T141158Z_c04a438c
2026-01-08,Technology,0.02021640900236692,0.029685382063931787,-0.029288635466896973,v2_20260217T141158Z_c04a438c
2026-01-09,Technology,-0.01503257968731967,-0.0020314843754001277,-0.03465575409721866,v2_20260217T141158Z_c04a438c
2026-01-12,Technology,-0.022260579065815154,-0.022321347486298992,-0.057478154317374464,v2_20260217T141158Z_c04a438c
2026-01-13,Technology,0.02653645757459897,0.008493691153968808,-0.02136129899386352,v2_20260217T141158Z_c04a438c
2026-01-14,Technology,0.007323428927351397,0.01596935586943604,0.02113995481251596,v2_20260217T141158Z_c04a438c
2026-01-15,Technology,-0.021975914533016554,-0.026047325480352823,0.015613087227310807,v2_20260217T141158Z_c04a438c
2026-01-16,Technology,-0.016865489888760656,-0.0278597385165944,-0.015588905406834108,v2_20260217T141158Z_c04a438c
2026-01-19,Technology,0.0013742579267541038,-0.004360249673113992,-0.025114249744880857,v2_20260217T141158Z_c04a438c
2026-01-20,Technology,0.0022408170253332815,-0.027924639726688683,-0.006759827755419057,v2_20260217T141158Z_c04a438c
2026-01-21,Technology,-0.005462068260348889,-0.04026274924355122,-0.019461240482382514,v2_20260217T141158Z_c04a438c
2026-01-22,Technology,0.007787450984463194,-0.01105589123313111,-0.0058127418673662445,v2_20260217T141158Z_c04a438c
2026-01-23,Technology,0.0030067761911960348,0.008933805258549699,-0.0006705435702680784,v2_20260217T141158Z_c04a438c
2026-01-26,Technology,-0.04757290418394923,-0.040382867438034875,-0.03156384299008064,v2_20260217T141158Z_c04a438c
2026-01-27,Technology,0.02182581910882206,-0.02163078388554207,-0.025823583696966024,v2_20260217T141158Z_c04a438c
2026-01-28,Technology,0.015574203957041356,-0.0009365091852320262,-0.0036192436631712344,v2_20260217T141158Z_c04a438c
2026-01-29,Technology,0.02284212422850572,0.013987842561335562,0.005650091543845548,v2_20260217T141158Z_c04a438c
2026-01-30,Technology,0.02924259326191515,0.04051089323342927,0.018486026912555076,v2_20260217T141158Z_c04a438c
2026-02-02,Technology,-0.025709020888225315,0.06439682511999845,-0.0057401016768376945,v2_20260217T141158Z_c04a438c
2026-02-03,Technology,0.008037832525340691,0.0500344075045831,0.007115848604994035,v2_20260217T141158Z_c04a438c
2026-02-04,Technology,0.003745740979927115,0.03780458415394028,0.010977834218211191,v2_20260217T141158Z_c04a438c
2026-02-05,Technology,0.028015798227525406,0.043053940301792215,0.018706596035310774,v2_20260217T141158Z_c04a438c
2026-02-06,Technology,-0.005351400178343742,0.00799573205733961,0.028719395666860548,v2_20260217T141158Z_c04a438c
2026-02-09,Technology,-0.008993827851233979,0.025289172726535192,0.04267788399178318,v2_20260217T141158Z_c04a438c
2026-02-10,Technology,0.002893872834669698,0.020057180428613153,0.018663539399511597,v2_20260217T141158Z_c04a438c
2026-02-11,Technology,0.017033005473075798,0.03356037053057914,0.02848242311263105,v2_20260217T141158Z_c04a438c
2026-02-12,Technology,0.012942849042666401,0.018406125847421517,0.06520271978842085,v2_20260217T141158Z_c04a438c
2026-02-13,Technology,2.357557559961665e-05,0.02390948475737087,0.08350161814088075,v2_20260217T141158Z_c04a438c
2025-11-03,Utilities,0.0039795186605095,,,v2_20260217T141158Z_c04a438c
2025-11-04,Utilities,-0.004916519259319076,,,v2_20260217T141158Z_c04a438c
2025-11-05,Utilities,0.016014266513172292,0.015042381831701368,,v2_20260217T141158Z_c04a438c
2025-11-06,Utilities,-0.005795762772936743,0.009159436982128177,,v2_20260217T141158Z_c04a438c
2025-11-07,Utilities,-0.002367828633825676,0.006769920371146432,,v2_20260217T141158Z_c04a438c
2025-11-10,Utilities,-0.01131758687053863,-0.008569701036618471,,v2_20260217T141158Z_c04a438c
2025-11-11,Utilities,0.006692732324461308,0.0029969302975496603,,v2_20260217T141158Z_c04a438c
2025-11-12,Utilities,-0.005329576664377299,-0.018073452169916404,,v2_20260217T141158Z_c04a438c
2025-11-13,Utilities,-0.0027643859429653593,-0.015079510609047664,,v2_20260217T141158Z_c04a438c
2025-11-14,Utilities,0.008969794012093092,-0.0038863502785658754,0.0028572598106602065,v2_20260217T141158Z_c04a438c
2025-11-17,Utilities,-0.0072830077220051035,0.00017855398934218947,-0.004446557356609704,v2_20260217T141158Z_c04a438c
2025-11-18,Utilities,0.014636139235488625,0.008070560142675376,0.010124501446288958,v2_20260217T141158Z_c04a438c
2025-11-19,Utilities,0.003580547015482962,0.01710072044318589,0.013741299715208877,v2_20260217T141158Z_c04a438c
2025-11-20,Utilities,0.009114863180201875,0.02921660626914724,0.022981412962232994,v2_20260217T141158Z_c04a438c
2025-11-21,Utilities,0.0027959044157924015,0.022918826359881628,0.025841571212007697,v2_20260217T141158Z_c04a438c
2025-11-24,Utilities,0.010937558058435685,0.04169372384700165,0.037061772955895966,v2_20260217T141158Z_c04a438c
2025-11-25,Utilities,-0.0024169545879197847,0.024185870419463296,0.03455524174579394,v2_20260217T141158Z_c04a438c
2025-11-26,Utilities,0.002190004860609318,0.022766777919633885,0.03682092275378612,v2_20260217T141158Z_c04a438c
2025-11-27,Utilities,0.003915865043794714,0.017497444599514633,0.0408809735618727,v2_20260217T141158Z_c04a438c
2025-11-28,Utilities,0.0016975650328330506,0.016383002956361414,0.04264793670593248,v2_20260217T141158Z_c04a438c
2025-12-01,Utilities,0.003642869671877938,0.009049021516202238,0.042298321632251445,v2_20260217T141158Z_c04a438c
2025-12-02,Utilities,0.006735413384030814,0.0183065845723569,0.05450311657960172,v2_20260217T141158Z_c04a438c
2025-12-03,Utilities,-0.004240975279890933,0.01177218551572623,0.033480561777136986,v2_20260217T141158Z_c04a438c
2025-12-04,Utilities,0.004128626444531276,0.011986611918288537,0.04379701684714443,v2_20260217T141158Z_c04a438c
2025-12-05,Utilities,-0.0029866727290488136,0.007254259492223802,0.043149536103211705,v2_20260217T141158Z_c04a438c
2025-12-08,Utilities,0.004490941582563969,0.008105383004587852,0.059828966123748106,v2_20260217T141158Z_c04a438c
2025-12-09,Utilities,-0.01756418790747364,-0.01622728528259254,0.034291693562539916,v2_20260217T141158Z_c04a438c
2025-12-10,Utilities,-0.0019518239372917966,-0.01396568927914077,0.03780399422673075,v2_20260217T141158Z_c04a438c
2025-12-11,Utilities,-0.01239078127049385,-0.030187418618217166,0.027785989073193074,v2_20260217T141158Z_c04a438c
2025-12-12,Utilities,-0.005559722159315245,-0.03269026952475418,0.01298551314456775,v2_20260217T141158Z_c04a438c
2025-12-15,Utilities,-0.024125029122218214,-0.060247020674864316,-0.004200375505667875,v2_20260217T141158Z_c04a438c
2025-12-16,Utilities,0.012339299381946243,-0.031642718056265395,-0.006454574991805129,v2_20260217T141158Z_c04a438c
2025-12-17,Utilities,-0.01617994034136345,-0.045447562810934095,-0.026017470932457987,v2_20260217T141158Z_c04a438c
2025-12-18,Utilities,0.004553769173722853,-0.02907017222277475,-0.03041977045041855,v2_20260217T141158Z_c04a438c
2025-12-19,Utilities,0.008557188552594932,-0.015287011995170463,-0.024849317707977603,v2_20260217T141158Z_c04a438c
2025-12-22,Utilities,0.0038150504979371142,0.012906107112196974,-0.03171969071161762,v2_20260217T141158Z_c04a438c
2025-12-23,Utilities,0.009063422271799772,0.00962839584183306,-0.020576535354677516,v2_20260217T141158Z_c04a438c
2025-12-24,Utilities,-0.011433329497032439,0.01449952348900685,-0.03389039128206628,v2_20260217T141158Z_c04a438c
2025-12-25,Utilities,-0.0035895879455348544,0.0062755416867359415,-0.04111319799650737,v2_20260217T141158Z_c04a438c
2025-12-26,Utilities,-0.007971936691982939,-0.0102161899154809,-0.050369442505369455,v2_20260217T141158Z_c04a438c
2025-12-29,Utilities,0.005804528500664101,-0.008254520665112786,-0.04832411608426457,v2_20260217T141158Z_c04a438c
2025-12-30,Utilities,0.0003583009478156588,-0.01681024127649533,-0.05435245683187495,v2_20260217T141158Z_c04a438c
2025-12-31,Utilities,-0.012888814592270328,-0.018257809844515638,-0.06256509442435154,v2_20260217T141158Z_c04a438c
2026-01-01,Utilities,-0.013792623789532454,-0.028310646140222162,-0.07929602418626203,v2_20260217T141158Z_c04a438c
2026-01-02,Utilities,-0.008564833506901863,-0.028891387294936233,-0.08444724399989845,v2_20260217T141158Z_c04a438c
2026-01-05,Utilities,0.00410110402026055,-0.030536050981704754,-0.08480256512802808,v2_20260217T141158Z_c04a438c
2026-01-06,Utilities,0.009004949736853275,-0.02215643912378129,-0.06005183198134367,v2_20260217T141158Z_c04a438c
2026-01-07,Utilities,-0.000879874691776519,-0.010260246751290891,-0.05904228479344564,v2_20260217T141158Z_c04a438c
2026-01-08,Utilities,-0.013362586369115073,-0.009828669031798132,-0.059968184924674595,v2_20260217T141158Z_c04a438c
2026-01-09,Utilities,-0.01611504552168731,-0.017369256386810417,-0.06994599857536765,v2_20260217T141158Z_c04a438c
2026-01-12,Utilities,-0.011408835983303132,-0.03254755249471908,-0.0578268781299498,v2_20260217T141158Z_c04a438c
2026-01-13,Utilities,0.0076099981311298255,-0.033885057672925156,-0.06222838711657719,v2_20260217T141158Z_c04a438c
2026-01-14,Utilities,-0.004029131582545024,-0.03693028122745956,-0.05064630621089916,v2_20260217T141158Z_c04a438c
2026-01-15,Utilities,-0.008026852029424453,-0.03172200096261524,-0.06253562421046555,v2_20260217T141158Z_c04a438c
2026-01-16,Utilities,-0.007969797036084822,-0.023705957146310297,-0.07789762886863394,v2_20260217T141158Z_c04a438c
2026-01-19,Utilities,-0.017354820740697066,-0.029577979584743064,-0.09734422757823402,v2_20260217T141158Z_c04a438c
2026-01-20,Utilities,0.004055763981823631,-0.03300103720683467,-0.1018238188130306,v2_20260217T141158Z_c04a438c
2026-01-21,Utilities,0.0013194831036590542,-0.02780800895877167,-0.09023707118855884,v2_20260217T141158Z_c04a438c
2026-01-22,Utilities,0.0038600261663319937,-0.016158169642012443,-0.08343527278206364,v2_20260217T141158Z_c04a438c
2026-01-23,Utilities,-0.001716560592606922,-0.009956548391135689,-0.0776557416375,v2_20260217T141158Z_c04a438c
2026-01-26,Utilities,0.014535344251019034,0.022173715601583766,-0.06964939691546446,v2_20260217T141158Z_c04a438c
2026-01-27,Utilities,-0.005222858025813237,0.01272766302817252,-0.07483997174460966,v2_20260217T141158Z_c04a438c
2026-01-28,Utilities,-0.00790205097168906,0.003401066660831953,-0.07016617770770561,v2_20260217T141158Z_c04a438c
2026-01-29,Utilities,0.005936889352816869,0.005476980316429625,-0.05156444235300883,v2_20260217T141158Z_c04a438c
2026-01-30,Utilities,-0.0008291320226438155,0.006370803617057552,-0.04416424655708551,v2_20260217T141158Z_c04a438c
2026-02-02,Utilities,0.0005885011070466218,-0.0074638013794618985,-0.04750800490836571,v2_20260217T141158Z_c04a438c
2026-02-03,Utilities,-0.002701046936216142,-0.004947671196232517,-0.05855836509597023,v2_20260217T141158Z_c04a438c
2026-02-04,Utilities,-0.0031276522283636026,-0.00015905471654209524,-0.0606763800426634,v2_20260217T141158Z_c04a438c
2026-02-05,Utilities,0.01615004979865692,0.009992214316915549,-0.03257901027277332,v2_20260217T141158Z_c04a438c
2026-02-06,Utilities,0.00462101237898518,0.01550138555975944,-0.012189941849680697,v2_20260217T141158Z_c04a438c
2026-02-09,Utilities,-0.018096861813835324,-0.003462466128370534,-0.01887268333578329,v2_20260217T141158Z_c04a438c
2026-02-10,Utilities,-0.021072590780852243,-0.021819983641153118,-0.04680141721733544,v2_20260217T141158Z_c04a438c
2026-02-11,Utilities,0.02023480230775369,0.0011044020250814413,-0.02357950568320133,v2_20260217T141158Z_c04a438c
2026-02-12,Utilities,0.008423925620627541,-0.00650732512756691,-0.007386651594537885,v2_20260217T141158Z_c04a438c
2026-02-13,Utilities,0.00180126763491105,-0.009295835136544306,0.002390156804627397,v2_20260217T141158Z_c04a438c
